Tanggal,Suhu_Maks_C,Suhu_Min_C,Suhu_Rata2_C,Presipitasi_mm,Curah_Hujan_mm,Kecepatan_Angin_Maks_kmh
2016-01-01,29.6,24.6,27.0,6.9,6.9,13.4
2016-01-02,29.0,24.7,26.5,19.0,19.0,12.6
2016-01-03,29.2,25.4,26.9,8.0,8.0,10.8
2016-01-04,28.4,25.1,26.7,9.7,9.7,8.0
2016-01-05,29.0,24.7,26.6,12.7,12.7,12.7
2016-01-06,29.6,25.1,26.8,7.1,7.1,13.5
2016-01-07,29.3,24.9,27.0,4.7,4.7,14.3
2016-01-08,29.6,25.3,27.1,2.6,2.6,11.2
2016-01-09,29.7,25.2,27.2,1.8,1.8,9.9
2016-01-10,29.2,24.8,26.9,2.6,2.6,12.1
2016-01-11,30.1,24.7,27.3,7.0,7.0,9.2
2016-01-12,28.8,25.4,26.7,12.2,12.2,12.5
2016-01-13,29.1,25.2,26.5,16.7,16.7,12.8
2016-01-14,29.0,25.1,26.6,21.7,21.7,12.5
2016-01-15,28.7,24.6,26.4,10.7,10.7,12.7
2016-01-16,30.0,25.0,27.0,0.5,0.5,8.5
2016-01-17,30.3,24.8,27.7,4.2,4.2,10.7
2016-01-18,30.2,25.5,27.3,17.3,17.3,7.8
2016-01-19,29.0,25.5,26.8,13.9,13.9,13.3
2016-01-20,28.9,24.6,26.5,10.5,10.5,15.5
2016-01-21,29.6,25.0,27.3,1.1,1.1,10.5
2016-01-22,30.0,25.2,27.1,25.7,25.7,17.0
2016-01-23,28.1,24.7,25.9,13.4,13.4,20.9
2016-01-24,28.3,25.1,26.3,12.7,12.7,16.6
2016-01-25,27.8,24.6,26.2,5.5,5.5,14.0
2016-01-26,29.8,24.6,26.8,5.4,5.4,14.1
2016-01-27,30.0,25.1,27.2,5.1,5.1,9.4
2016-01-28,29.8,25.0,27.2,1.7,1.7,11.2
2016-01-29,30.5,25.2,27.8,1.4,1.4,6.1
2016-01-30,29.4,25.1,27.1,5.9,5.9,10.5
2016-01-31,29.4,24.9,26.8,11.8,11.8,12.4
2016-02-01,29.6,24.9,26.5,13.1,13.1,12.4
2016-02-02,29.9,24.9,26.7,13.5,13.5,17.1
2016-02-03,29.7,24.9,26.9,3.5,3.5,13.4
2016-02-04,29.1,25.8,27.0,5.9,5.9,10.4
2016-02-05,28.7,24.8,26.5,8.6,8.6,9.2
2016-02-06,29.2,25.3,26.9,14.4,14.4,13.0
2016-02-07,27.8,24.8,26.3,15.6,15.6,10.7
2016-02-08,28.9,25.0,26.2,29.7,29.7,14.4
2016-02-09,27.5,24.9,25.8,18.5,18.5,17.3
2016-02-10,25.8,24.7,25.1,35.4,35.4,20.7
2016-02-11,27.4,24.6,25.8,14.2,14.2,9.8
2016-02-12,27.6,24.6,25.9,16.8,16.8,9.0
2016-02-13,29.0,24.2,26.3,4.5,4.5,9.7
2016-02-14,30.3,24.6,27.5,0.4,0.4,8.5
2016-02-15,29.9,25.5,27.4,0.4,0.4,12.4
2016-02-16,28.1,24.8,26.4,13.0,13.0,13.3
2016-02-17,28.5,24.6,26.3,8.0,8.0,14.9
2016-02-18,29.4,24.5,26.9,3.2,3.2,11.8
2016-02-19,30.2,24.8,27.3,5.3,5.3,10.0
2016-02-20,30.4,25.2,27.2,6.0,6.0,12.5
2016-02-21,29.3,24.5,26.8,10.2,10.2,10.8
2016-02-22,29.4,24.8,27.0,5.1,5.1,8.9
2016-02-23,30.1,25.0,26.9,7.6,7.6,8.4
2016-02-24,28.3,24.6,26.6,14.1,14.1,14.2
2016-02-25,29.4,24.7,26.5,17.2,17.2,13.6
2016-02-26,28.6,25.1,26.6,6.9,6.9,18.5
2016-02-27,29.1,25.1,26.9,6.8,6.8,12.5
2016-02-28,27.1,24.9,25.9,19.6,19.6,7.9
2016-02-29,28.3,24.8,26.1,13.1,13.1,13.4
2016-03-01,29.1,24.8,26.2,33.8,33.8,16.7
2016-03-02,29.7,24.8,26.7,10.7,10.7,12.7
2016-03-03,29.7,25.1,26.8,9.5,9.5,16.6
2016-03-04,29.7,24.8,26.8,14.1,14.1,12.6
2016-03-05,29.5,25.2,26.9,12.4,12.4,8.2
2016-03-06,30.1,25.2,27.3,9.3,9.3,8.3
2016-03-07,30.0,25.0,27.5,2.5,2.5,12.7
2016-03-08,30.0,25.6,27.3,9.1,9.1,9.4
2016-03-09,30.3,25.3,27.1,29.3,29.3,9.5
2016-03-10,30.5,25.5,27.6,4.8,4.8,7.9
2016-03-11,29.8,25.7,27.4,13.3,13.3,6.8
2016-03-12,30.3,25.4,27.1,16.9,16.9,12.3
2016-03-13,30.3,25.5,27.2,7.5,7.5,11.6
2016-03-14,29.8,25.4,27.2,8.2,8.2,9.5
2016-03-15,29.3,26.1,27.3,2.5,2.5,15.9
2016-03-16,29.6,25.5,27.1,8.4,8.4,12.0
2016-03-17,29.7,26.0,27.4,6.3,6.3,15.5
2016-03-18,28.7,25.3,27.0,18.0,18.0,15.6
2016-03-19,30.5,26.0,27.8,7.0,7.0,9.4
2016-03-20,29.5,25.7,27.2,16.7,16.7,7.2
2016-03-21,28.9,25.4,26.8,14.1,14.1,6.5
2016-03-22,27.9,25.3,26.4,26.4,26.4,15.3
2016-03-23,29.5,25.4,26.7,8.8,8.8,14.6
2016-03-24,30.6,25.4,27.8,2.3,2.3,11.0
2016-03-25,30.6,26.0,27.6,3.4,3.4,10.5
2016-03-26,28.6,25.2,26.9,14.2,14.2,10.9
2016-03-27,29.7,24.9,27.2,2.4,2.4,13.1
2016-03-28,29.8,25.8,27.3,2.0,2.0,12.7
2016-03-29,29.6,24.9,26.5,15.9,15.9,8.2
2016-03-30,29.2,24.9,26.5,11.4,11.4,10.1
2016-03-31,29.7,25.0,26.9,5.2,5.2,12.7
2016-04-01,28.9,24.9,26.5,30.1,30.1,12.3
2016-04-02,29.8,24.7,26.7,22.6,22.6,11.5
2016-04-03,30.0,25.1,27.2,6.2,6.2,9.7
2016-04-04,30.5,25.1,27.4,5.5,5.5,11.0
2016-04-05,28.8,25.0,26.9,10.6,10.6,9.5
2016-04-06,30.3,25.1,27.3,11.3,11.3,6.2
2016-04-07,29.6,25.4,27.1,6.6,6.6,14.0
2016-04-08,29.8,25.1,27.1,10.8,10.8,8.9
2016-04-09,29.7,25.7,27.4,8.6,8.6,15.6
2016-04-10,29.8,25.3,27.2,10.7,10.7,10.7
2016-04-11,29.8,25.2,27.3,7.6,7.6,9.6
2016-04-12,29.1,25.3,26.8,24.2,24.2,13.4
2016-04-13,30.3,25.5,27.8,1.3,1.3,10.8
2016-04-14,30.1,25.9,27.4,5.0,5.0,16.8
2016-04-15,29.4,25.7,27.0,13.0,13.0,13.4
2016-04-16,29.8,25.3,27.3,9.9,9.9,10.7
2016-04-17,28.5,25.7,26.6,17.7,17.7,14.3
2016-04-18,30.6,25.1,27.6,5.3,5.3,11.1
2016-04-19,30.0,25.4,27.3,6.3,6.3,12.5
2016-04-20,30.1,25.1,26.9,12.1,12.1,8.3
2016-04-21,29.2,25.1,26.6,3.6,3.6,13.9
2016-04-22,29.0,24.8,26.4,17.7,17.7,14.1
2016-04-23,29.5,25.3,27.2,11.1,11.1,15.1
2016-04-24,29.2,25.3,27.0,10.2,10.2,16.7
2016-04-25,29.8,25.0,26.8,22.8,22.8,11.9
2016-04-26,28.5,25.0,26.2,10.9,10.9,15.6
2016-04-27,28.9,25.2,26.7,1.0,1.0,7.8
2016-04-28,30.1,25.0,26.9,14.3,14.3,5.9
2016-04-29,29.2,24.9,26.8,5.9,5.9,8.6
2016-04-30,28.4,24.9,26.4,13.4,13.4,9.7
2016-05-01,29.1,25.0,26.7,2.7,2.7,15.3
2016-05-02,29.9,25.3,26.9,10.7,10.7,14.8
2016-05-03,29.0,24.9,26.7,15.6,15.6,15.7
2016-05-04,29.8,25.1,27.1,6.5,6.5,17.2
2016-05-05,28.3,25.3,26.6,6.9,6.9,9.4
2016-05-06,30.0,25.6,27.4,1.7,1.7,8.4
2016-05-07,30.3,25.8,27.2,6.3,6.3,9.2
2016-05-08,29.8,25.7,27.2,4.6,4.6,16.3
2016-05-09,29.3,25.8,27.1,8.3,8.3,12.5
2016-05-10,30.2,25.2,27.4,1.1,1.1,12.5
2016-05-11,30.1,25.6,27.3,9.8,9.8,9.8
2016-05-12,30.6,25.1,27.6,6.1,6.1,5.4
2016-05-13,31.2,25.7,27.8,11.5,11.5,6.9
2016-05-14,29.1,25.8,27.2,2.4,2.4,11.2
2016-05-15,30.1,25.9,27.6,2.5,2.5,13.8
2016-05-16,29.8,25.9,27.4,11.7,11.7,7.2
2016-05-17,29.2,25.3,26.9,4.5,4.5,16.6
2016-05-18,30.1,25.2,27.5,0.8,0.8,9.6
2016-05-19,30.3,25.8,27.8,1.4,1.4,9.7
2016-05-20,30.5,25.3,27.7,1.7,1.7,6.5
2016-05-21,29.8,25.5,27.2,5.0,5.0,7.1
2016-05-22,29.4,24.9,26.6,14.7,14.7,8.7
2016-05-23,29.2,25.1,26.8,5.3,5.3,6.7
2016-05-24,29.6,25.4,27.2,5.8,5.8,6.5
2016-05-25,30.1,25.4,26.9,5.5,5.5,9.7
2016-05-26,29.0,25.0,26.7,2.3,2.3,13.8
2016-05-27,28.7,25.4,26.8,6.3,6.3,11.8
2016-05-28,30.0,25.2,27.3,6.1,6.1,15.3
2016-05-29,27.7,25.0,25.7,19.9,19.9,12.1
2016-05-30,26.2,24.7,25.3,54.5,54.5,9.7
2016-05-31,28.1,24.4,25.9,8.1,8.1,10.0
2016-06-01,29.4,25.3,27.2,1.4,1.4,12.5
2016-06-02,29.3,25.7,26.9,11.2,11.2,13.0
2016-06-03,30.2,24.5,26.8,10.7,10.7,8.9
2016-06-04,29.8,25.5,27.5,4.3,4.3,11.3
2016-06-05,29.2,24.5,26.6,1.1,1.1,12.5
2016-06-06,29.5,24.5,26.6,10.9,10.9,8.9
2016-06-07,30.0,24.4,27.1,0.3,0.3,9.0
2016-06-08,29.3,25.0,26.6,24.9,24.9,9.7
2016-06-09,29.2,25.0,26.7,8.2,8.2,12.0
2016-06-10,28.5,25.0,26.4,11.6,11.6,12.0
2016-06-11,30.1,24.7,27.3,0.3,0.3,7.6
2016-06-12,30.5,25.0,27.8,0.1,0.1,5.0
2016-06-13,30.0,25.9,27.7,0.7,0.7,5.4
2016-06-14,29.5,24.8,26.4,14.6,14.6,5.8
2016-06-15,28.4,25.2,26.4,7.1,7.1,13.0
2016-06-16,29.1,24.8,26.5,7.1,7.1,10.1
2016-06-17,28.1,24.6,25.9,18.6,18.6,12.0
2016-06-18,26.3,24.6,25.3,4.7,4.7,9.7
2016-06-19,29.6,24.5,26.8,0.0,0.0,9.4
2016-06-20,29.4,24.9,27.0,0.5,0.5,9.2
2016-06-21,30.3,25.1,27.8,0.0,0.0,7.3
2016-06-22,29.6,24.8,27.1,0.7,0.7,11.6
2016-06-23,29.9,24.7,27.2,0.3,0.3,13.8
2016-06-24,29.2,25.1,27.0,2.1,2.1,10.7
2016-06-25,29.2,23.5,26.3,0.0,0.0,8.5
2016-06-26,29.1,25.1,26.9,1.2,1.2,15.3
2016-06-27,29.1,25.0,26.7,0.8,0.8,15.8
2016-06-28,29.2,24.7,26.5,0.6,0.6,6.6
2016-06-29,29.8,25.0,26.5,5.6,5.6,8.7
2016-06-30,28.9,24.1,26.3,5.1,5.1,8.4
2016-07-01,29.5,24.2,26.6,0.8,0.8,8.3
2016-07-02,30.2,24.4,27.1,0.1,0.1,7.6
2016-07-03,30.0,25.7,27.4,1.8,1.8,5.9
2016-07-04,29.8,24.3,27.0,1.0,1.0,10.5
2016-07-05,29.6,25.5,27.2,1.1,1.1,8.7
2016-07-06,29.9,24.9,27.0,1.7,1.7,10.9
2016-07-07,29.2,24.4,26.6,1.4,1.4,8.7
2016-07-08,29.8,24.5,27.0,2.0,2.0,5.7
2016-07-09,30.5,25.1,27.7,0.5,0.5,7.5
2016-07-10,29.8,24.8,27.0,3.0,3.0,8.2
2016-07-11,29.5,24.8,26.4,10.5,10.5,7.7
2016-07-12,28.8,24.9,26.6,1.3,1.3,11.9
2016-07-13,29.1,25.1,26.6,6.7,6.7,10.2
2016-07-14,29.4,24.5,26.4,7.0,7.0,9.7
2016-07-15,28.9,24.7,26.4,9.6,9.6,11.2
2016-07-16,28.9,24.6,26.4,12.6,12.6,7.6
2016-07-17,28.4,24.6,26.3,4.6,4.6,7.7
2016-07-18,29.4,24.2,26.3,6.3,6.3,12.0
2016-07-19,27.0,24.3,25.8,23.1,23.1,17.2
2016-07-20,27.4,24.3,25.6,19.7,19.7,20.2
2016-07-21,29.1,24.0,26.2,2.3,2.3,7.3
2016-07-22,27.9,24.0,25.8,15.1,15.1,11.8
2016-07-23,29.3,24.4,26.6,1.1,1.1,10.3
2016-07-24,29.5,24.1,26.1,11.1,11.1,16.6
2016-07-25,28.3,24.4,26.0,2.8,2.8,18.5
2016-07-26,29.8,23.7,26.5,0.0,0.0,8.9
2016-07-27,29.3,24.5,26.7,0.0,0.0,12.7
2016-07-28,28.9,24.4,26.1,2.2,2.2,7.9
2016-07-29,29.4,24.4,26.4,6.8,6.8,7.2
2016-07-30,28.3,23.5,25.8,6.5,6.5,5.4
2016-07-31,30.0,24.0,26.9,0.0,0.0,9.8
2016-08-01,28.8,24.3,26.2,1.6,1.6,8.2
2016-08-02,28.9,23.9,26.3,1.1,1.1,11.2
2016-08-03,29.0,23.5,26.3,1.7,1.7,10.7
2016-08-04,29.4,24.0,26.6,0.0,0.0,9.0
2016-08-05,29.7,22.9,26.2,0.0,0.0,10.2
2016-08-06,29.7,24.6,26.8,0.0,0.0,16.1
2016-08-07,28.6,24.9,26.6,0.5,0.5,15.8
2016-08-08,28.9,25.1,26.3,19.4,19.4,10.4
2016-08-09,29.3,24.8,26.4,4.2,4.2,11.0
2016-08-10,30.1,24.7,27.2,0.0,0.0,6.5
2016-08-11,29.6,24.4,26.8,1.3,1.3,7.3
2016-08-12,29.5,24.6,27.1,2.7,2.7,8.9
2016-08-13,30.1,25.2,27.3,5.7,5.7,10.4
2016-08-14,28.5,24.6,26.0,13.1,13.1,9.8
2016-08-15,28.7,24.7,26.6,7.0,7.0,9.7
2016-08-16,28.7,25.0,26.3,10.0,10.0,11.3
2016-08-17,29.7,24.7,26.8,2.5,2.5,11.9
2016-08-18,29.3,24.9,26.9,6.6,6.6,6.0
2016-08-19,29.0,24.2,26.4,7.3,7.3,7.4
2016-08-20,29.0,24.4,26.4,2.6,2.6,8.7
2016-08-21,28.9,24.7,26.8,0.9,0.9,6.5
2016-08-22,29.8,24.3,26.7,1.6,1.6,8.4
2016-08-23,29.2,23.8,26.5,0.9,0.9,6.6
2016-08-24,29.3,24.4,26.5,0.9,0.9,9.0
2016-08-25,27.7,24.2,26.0,3.6,3.6,15.9
2016-08-26,29.6,25.0,26.9,2.0,2.0,12.7
2016-08-27,29.2,25.1,26.6,4.8,4.8,16.7
2016-08-28,29.7,24.6,26.7,5.8,5.8,12.2
2016-08-29,29.6,24.5,26.8,6.0,6.0,8.4
2016-08-30,29.3,25.3,26.9,5.1,5.1,8.3
2016-08-31,30.2,25.7,27.4,4.3,4.3,6.3
2016-09-01,30.2,24.6,27.2,0.3,0.3,5.9
2016-09-02,29.8,24.2,26.9,4.9,4.9,7.9
2016-09-03,29.7,24.3,26.6,1.1,1.1,7.3
2016-09-04,29.4,25.1,26.8,2.9,2.9,8.0
2016-09-05,29.3,23.9,26.3,4.7,4.7,8.5
2016-09-06,29.8,24.9,26.8,3.9,3.9,12.1
2016-09-07,29.6,24.4,26.6,2.8,2.8,6.9
2016-09-08,28.9,24.5,26.4,11.0,11.0,8.2
2016-09-09,29.8,24.9,27.2,4.1,4.1,6.0
2016-09-10,29.9,24.5,27.1,1.8,1.8,8.3
2016-09-11,29.9,25.1,27.0,4.7,4.7,9.0
2016-09-12,29.3,24.8,26.6,2.7,2.7,14.2
2016-09-13,29.5,24.1,26.7,1.6,1.6,5.7
2016-09-14,29.2,25.1,26.8,4.0,4.0,6.5
2016-09-15,28.0,24.2,26.1,13.2,13.2,14.6
2016-09-16,29.3,23.9,26.2,4.5,4.5,8.2
2016-09-17,28.4,24.7,26.3,7.4,7.4,14.2
2016-09-18,29.9,24.7,26.6,7.7,7.7,8.1
2016-09-19,28.7,25.3,26.5,8.9,8.9,13.0
2016-09-20,29.1,24.8,26.5,4.7,4.7,19.9
2016-09-21,28.3,25.1,26.0,40.5,40.5,18.0
2016-09-22,29.5,24.9,26.6,10.7,10.7,13.5
2016-09-23,28.0,24.5,26.2,24.4,24.4,15.9
2016-09-24,28.8,24.5,26.5,9.2,9.2,10.1
2016-09-25,29.8,24.9,27.3,0.3,0.3,12.7
2016-09-26,28.3,24.4,26.4,9.2,9.2,19.3
2016-09-27,28.8,24.9,26.4,15.9,15.9,14.5
2016-09-28,28.4,24.3,26.1,21.6,21.6,15.9
2016-09-29,28.7,24.2,26.0,11.5,11.5,11.2
2016-09-30,28.2,24.2,25.7,22.8,22.8,8.7
2016-10-01,29.2,25.0,26.4,1.7,1.7,20.0
2016-10-02,28.2,24.8,25.8,9.6,9.6,21.9
2016-10-03,28.7,24.9,26.3,8.6,8.6,20.2
2016-10-04,29.8,24.8,26.5,3.2,3.2,15.9
2016-10-05,29.3,24.7,26.4,6.3,6.3,16.7
2016-10-06,28.5,24.2,26.0,28.4,28.4,16.0
2016-10-07,30.0,25.0,27.0,1.6,1.6,14.8
2016-10-08,28.5,25.1,26.2,12.7,12.7,17.2
2016-10-09,29.9,25.0,26.4,7.3,7.3,16.4
2016-10-10,27.5,24.4,25.7,8.5,8.5,8.9
2016-10-11,29.1,24.0,26.2,8.2,8.2,10.5
2016-10-12,29.2,24.5,26.2,9.5,9.5,16.9
2016-10-13,28.4,24.8,26.2,14.4,14.4,15.3
2016-10-14,28.2,24.9,26.3,7.9,7.9,20.7
2016-10-15,28.5,25.6,26.7,2.3,2.3,16.1
2016-10-16,28.8,24.4,26.5,4.4,4.4,14.6
2016-10-17,29.9,25.6,27.4,0.0,0.0,11.9
2016-10-18,30.6,25.6,27.5,3.1,3.1,13.9
2016-10-19,30.2,25.2,27.2,3.0,3.0,7.4
2016-10-20,30.0,25.4,27.2,6.2,6.2,11.7
2016-10-21,28.7,25.2,26.6,4.0,4.0,6.5
2016-10-22,27.7,24.6,25.5,23.5,23.5,8.1
2016-10-23,25.9,24.4,25.0,46.3,46.3,12.0
2016-10-24,29.3,23.7,26.1,9.7,9.7,5.0
2016-10-25,28.6,23.9,25.7,23.5,23.5,9.5
2016-10-26,28.7,24.1,26.0,17.0,17.0,11.8
2016-10-27,28.3,24.0,25.7,24.4,24.4,12.0
2016-10-28,29.7,24.9,26.7,2.4,2.4,14.7
2016-10-29,28.0,24.8,25.8,12.1,12.1,20.1
2016-10-30,27.9,24.5,25.9,11.3,11.3,17.1
2016-10-31,28.7,24.7,26.2,2.3,2.3,19.3
2016-11-01,28.9,24.9,26.5,0.7,0.7,19.0
2016-11-02,28.4,25.2,26.4,4.6,4.6,14.8
2016-11-03,29.6,25.0,26.8,3.9,3.9,14.0
2016-11-04,28.9,25.3,26.2,9.9,9.9,14.5
2016-11-05,30.7,25.0,27.3,0.1,0.1,12.4
2016-11-06,30.5,25.1,27.7,0.3,0.3,7.6
2016-11-07,30.7,25.4,27.6,3.1,3.1,5.8
2016-11-08,29.7,25.3,26.9,12.1,12.1,9.2
2016-11-09,28.2,24.9,25.8,20.4,20.4,13.0
2016-11-10,29.8,24.4,26.8,1.8,1.8,13.8
2016-11-11,28.6,24.6,26.5,5.8,5.8,15.7
2016-11-12,27.4,24.5,26.0,11.9,11.9,9.4
2016-11-13,29.8,24.5,26.5,8.0,8.0,9.4
2016-11-14,27.6,24.9,26.0,7.7,7.7,14.5
2016-11-15,28.4,25.2,26.3,6.3,6.3,14.5
2016-11-16,30.2,24.6,26.7,6.5,6.5,11.7
2016-11-17,29.3,24.7,26.8,4.4,4.4,6.6
2016-11-18,28.4,24.7,26.0,15.6,15.6,8.7
2016-11-19,30.5,25.2,27.2,8.4,8.4,9.0
2016-11-20,29.2,25.3,26.8,9.0,9.0,8.2
2016-11-21,28.7,24.7,26.2,9.1,9.1,11.7
2016-11-22,30.0,25.5,26.7,3.2,3.2,15.6
2016-11-23,29.5,25.0,26.9,2.0,2.0,10.1
2016-11-24,28.2,24.9,26.4,8.7,8.7,13.3
2016-11-25,28.0,24.5,26.3,3.2,3.2,14.1
2016-11-26,29.8,25.1,27.0,8.2,8.2,7.9
2016-11-27,29.8,24.9,26.8,14.1,14.1,10.6
2016-11-28,28.2,25.0,26.3,15.5,15.5,8.3
2016-11-29,29.4,24.5,26.7,1.5,1.5,12.2
2016-11-30,29.6,25.1,27.3,0.5,0.5,6.5
2016-12-01,28.3,25.2,26.7,5.4,5.4,22.2
2016-12-02,27.0,24.6,25.7,28.8,28.8,23.0
2016-12-03,27.0,24.6,25.7,12.2,12.2,27.6
2016-12-04,27.7,24.6,25.4,18.3,18.3,25.3
2016-12-05,26.2,24.6,25.1,27.1,27.1,23.3
2016-12-06,28.2,24.2,25.9,33.8,33.8,19.5
2016-12-07,27.7,24.6,26.0,12.9,12.9,15.2
2016-12-08,30.1,24.7,26.5,16.6,16.6,15.6
2016-12-09,28.8,25.1,26.5,4.6,4.6,20.8
2016-12-10,28.9,25.0,26.5,0.5,0.5,21.0
2016-12-11,26.1,24.8,25.3,22.8,22.8,19.8
2016-12-12,28.2,24.0,25.5,27.2,27.2,9.9
2016-12-13,29.4,24.4,26.9,3.1,3.1,13.4
2016-12-14,28.8,24.7,26.2,4.7,4.7,13.8
2016-12-15,28.0,24.4,26.0,4.3,4.3,18.7
2016-12-16,29.2,24.7,27.0,1.3,1.3,17.4
2016-12-17,28.6,25.2,26.6,2.1,2.1,13.2
2016-12-18,28.0,25.3,26.3,16.8,16.8,18.5
2016-12-19,28.3,25.5,26.7,2.9,2.9,23.6
2016-12-20,29.3,26.3,27.5,0.0,0.0,26.7
2016-12-21,28.5,25.6,27.1,1.4,1.4,24.2
2016-12-22,28.5,25.1,26.3,3.8,3.8,26.6
2016-12-23,28.4,25.0,26.3,3.5,3.5,27.5
2016-12-24,27.7,24.9,26.0,4.1,4.1,22.2
2016-12-25,27.9,24.8,26.1,5.1,5.1,18.8
2016-12-26,29.2,24.7,26.5,3.9,3.9,22.1
2016-12-27,26.7,24.2,25.4,24.9,24.9,19.5
2016-12-28,27.3,24.4,25.5,14.4,14.4,19.5
2016-12-29,29.2,24.8,26.6,0.3,0.3,12.7
2016-12-30,28.9,24.9,26.4,1.8,1.8,10.2
2016-12-31,29.6,24.8,26.9,4.9,4.9,14.8
2017-01-01,30.2,24.9,27.3,4.4,4.4,17.1
2017-01-02,30.1,24.9,27.4,0.0,0.0,19.1
2017-01-03,29.9,25.4,27.2,0.5,0.5,20.5
2017-01-04,29.3,24.5,26.6,6.5,6.5,12.6
2017-01-05,29.4,24.1,26.1,7.8,7.8,11.6
2017-01-06,30.4,24.8,26.9,4.7,4.7,13.1
2017-01-07,28.6,24.9,26.8,1.4,1.4,14.4
2017-01-08,29.6,23.7,26.6,2.0,2.0,11.8
2017-01-09,28.3,24.4,26.2,12.8,12.8,9.8
2017-01-10,28.7,23.9,26.2,10.6,10.6,13.5
2017-01-11,28.4,23.7,25.7,18.2,18.2,22.6
2017-01-12,28.1,23.9,25.4,22.9,22.9,23.9
2017-01-13,28.5,25.0,26.2,1.5,1.5,25.2
2017-01-14,26.2,23.9,25.0,13.1,13.1,23.5
2017-01-15,28.0,24.5,25.7,4.4,4.4,23.0
2017-01-16,27.2,23.8,25.2,21.7,21.7,22.6
2017-01-17,28.7,23.9,25.9,5.1,5.1,20.2
2017-01-18,29.0,24.7,26.4,1.7,1.7,16.4
2017-01-19,28.2,24.5,26.1,1.8,1.8,25.6
2017-01-20,29.2,24.7,26.6,0.5,0.5,20.0
2017-01-21,29.4,24.8,26.9,1.9,1.9,12.4
2017-01-22,28.1,24.2,25.9,2.9,2.9,13.7
2017-01-23,29.1,24.8,26.6,5.2,5.2,22.5
2017-01-24,28.3,24.3,26.0,7.2,7.2,26.3
2017-01-25,28.9,24.2,26.3,1.5,1.5,22.1
2017-01-26,29.5,24.5,26.7,3.9,3.9,14.1
2017-01-27,28.5,24.1,26.3,0.9,0.9,16.6
2017-01-28,27.6,24.3,25.6,8.1,8.1,17.9
2017-01-29,28.3,23.9,25.8,8.5,8.5,24.1
2017-01-30,29.5,23.8,26.3,2.3,2.3,10.1
2017-01-31,28.4,23.9,25.5,17.7,17.7,17.0
2017-02-01,27.3,23.3,24.9,14.9,14.9,13.2
2017-02-02,28.5,23.1,25.8,2.3,2.3,17.7
2017-02-03,28.1,24.6,25.7,6.7,6.7,21.5
2017-02-04,26.9,24.2,25.4,15.3,15.3,24.2
2017-02-05,28.7,24.0,26.3,2.8,2.8,27.9
2017-02-06,28.5,25.1,26.7,2.8,2.8,26.3
2017-02-07,29.4,25.8,27.1,2.7,2.7,25.4
2017-02-08,28.6,25.6,26.7,1.1,1.1,30.6
2017-02-09,27.5,25.1,25.9,4.0,4.0,28.0
2017-02-10,26.7,24.0,25.0,22.6,22.6,27.4
2017-02-11,28.0,23.8,25.3,13.9,13.9,16.8
2017-02-12,28.0,23.2,25.4,12.1,12.1,13.8
2017-02-13,28.7,23.5,25.8,5.4,5.4,14.5
2017-02-14,26.4,23.6,24.5,61.0,61.0,13.8
2017-02-15,28.0,23.8,25.4,25.6,25.6,15.3
2017-02-16,29.1,23.6,25.9,3.2,3.2,13.0
2017-02-17,29.4,23.9,26.5,0.9,0.9,10.5
2017-02-18,29.1,24.1,26.4,3.9,3.9,13.8
2017-02-19,28.3,24.2,26.1,8.2,8.2,9.5
2017-02-20,28.1,24.2,25.8,9.9,9.9,8.7
2017-02-21,26.1,23.9,24.9,81.1,81.1,6.6
2017-02-22,29.2,23.0,26.1,14.3,14.3,11.8
2017-02-23,30.8,24.0,26.7,12.7,12.7,12.9
2017-02-24,28.3,24.2,25.8,3.0,3.0,10.1
2017-02-25,28.9,23.9,25.9,15.9,15.9,17.0
2017-02-26,28.3,23.3,25.6,13.9,13.9,10.8
2017-02-27,29.6,23.8,26.2,4.7,4.7,9.4
2017-02-28,27.7,24.0,25.6,6.1,6.1,17.0
2017-03-01,28.4,24.2,25.8,0.7,0.7,19.9
2017-03-02,28.9,24.3,26.2,2.7,2.7,9.4
2017-03-03,28.4,24.1,26.2,7.2,7.2,13.8
2017-03-04,29.1,24.4,26.2,4.9,4.9,16.8
2017-03-05,28.4,24.0,26.3,1.7,1.7,13.7
2017-03-06,28.7,24.0,26.0,7.4,7.4,14.4
2017-03-07,27.6,23.8,25.2,18.0,18.0,13.8
2017-03-08,29.6,24.3,26.9,4.3,4.3,10.6
2017-03-09,30.1,24.3,27.0,2.9,2.9,10.8
2017-03-10,29.6,24.6,26.7,1.2,1.2,8.7
2017-03-11,29.5,24.3,26.9,1.7,1.7,9.7
2017-03-12,29.1,24.5,26.7,0.3,0.3,20.1
2017-03-13,30.8,23.6,27.2,0.0,0.0,15.7
2017-03-14,30.9,23.4,26.8,1.2,1.2,18.2
2017-03-15,30.0,23.9,26.6,0.1,0.1,18.4
2017-03-16,29.7,23.9,26.7,1.7,1.7,16.6
2017-03-17,29.6,24.1,26.6,2.1,2.1,14.2
2017-03-18,28.0,24.0,25.8,7.2,7.2,13.7
2017-03-19,30.0,24.0,26.7,2.0,2.0,18.5
2017-03-20,29.0,25.0,26.4,3.4,3.4,21.3
2017-03-21,29.4,23.7,26.1,30.1,30.1,16.3
2017-03-22,28.9,23.4,25.7,16.6,16.6,10.9
2017-03-23,28.8,24.1,26.2,1.7,1.7,9.7
2017-03-24,29.5,24.3,26.8,5.4,5.4,7.6
2017-03-25,29.7,24.5,27.1,0.7,0.7,9.1
2017-03-26,30.0,24.2,26.8,10.2,10.2,9.4
2017-03-27,29.7,23.8,26.5,1.6,1.6,11.2
2017-03-28,29.7,24.4,26.8,2.8,2.8,16.4
2017-03-29,30.1,24.8,26.9,5.0,5.0,17.8
2017-03-30,28.8,24.8,26.2,2.9,2.9,20.1
2017-03-31,28.0,24.5,26.1,6.8,6.8,18.1
2017-04-01,29.8,24.7,26.8,2.0,2.0,14.3
2017-04-02,28.9,24.7,26.4,3.9,3.9,18.1
2017-04-03,29.0,24.3,25.9,1.8,1.8,20.5
2017-04-04,29.0,24.5,26.0,1.7,1.7,20.9
2017-04-05,27.3,24.4,25.6,6.0,6.0,23.1
2017-04-06,28.1,24.2,25.4,9.3,9.3,25.6
2017-04-07,29.0,24.3,26.2,2.1,2.1,21.4
2017-04-08,27.5,24.6,26.1,5.6,5.6,21.9
2017-04-09,29.1,25.4,26.9,1.4,1.4,16.8
2017-04-10,30.3,24.4,27.3,0.8,0.8,11.2
2017-04-11,29.9,24.5,27.0,1.6,1.6,13.2
2017-04-12,30.2,25.1,27.0,2.3,2.3,6.9
2017-04-13,29.9,24.3,26.5,8.6,8.6,8.1
2017-04-14,28.1,23.8,26.1,5.6,5.6,10.0
2017-04-15,28.9,24.1,26.6,11.7,11.7,8.4
2017-04-16,28.9,24.1,26.3,39.1,39.1,8.1
2017-04-17,30.2,23.0,26.7,0.3,0.3,14.1
2017-04-18,30.3,23.9,27.0,4.8,4.8,11.6
2017-04-19,30.3,24.6,26.4,3.6,3.6,11.5
2017-04-20,29.6,24.0,26.3,4.2,4.2,11.8
2017-04-21,29.6,24.1,26.8,5.5,5.5,8.1
2017-04-22,28.7,24.9,26.5,7.2,7.2,12.4
2017-04-23,30.7,24.3,27.1,1.0,1.0,12.5
2017-04-24,29.2,23.5,26.4,3.0,3.0,11.5
2017-04-25,29.4,24.8,27.1,1.3,1.3,10.8
2017-04-26,29.0,23.9,26.2,5.6,5.6,10.4
2017-04-27,29.3,24.4,26.6,0.2,0.2,16.4
2017-04-28,28.5,24.0,26.2,1.4,1.4,16.8
2017-04-29,30.6,23.8,26.9,2.1,2.1,15.6
2017-04-30,30.5,24.3,27.1,4.7,4.7,8.2
2017-05-01,30.4,24.4,27.1,1.4,1.4,7.1
2017-05-02,30.5,25.0,27.2,5.3,5.3,6.5
2017-05-03,29.1,24.1,26.6,5.6,5.6,13.0
2017-05-04,29.4,24.0,26.3,13.5,13.5,6.7
2017-05-05,29.4,24.2,26.0,15.9,15.9,9.7
2017-05-06,28.0,23.7,25.7,5.8,5.8,8.7
2017-05-07,28.6,24.1,25.9,7.3,7.3,9.1
2017-05-08,29.2,24.1,26.2,7.3,7.3,7.8
2017-05-09,29.5,23.8,26.8,0.8,0.8,13.6
2017-05-10,28.3,24.8,26.2,20.8,20.8,8.7
2017-05-11,30.0,24.7,27.1,0.0,0.0,7.2
2017-05-12,30.0,23.9,27.0,0.8,0.8,10.6
2017-05-13,30.0,24.5,27.3,0.2,0.2,10.3
2017-05-14,30.0,24.5,27.2,4.3,4.3,6.6
2017-05-15,30.4,25.1,27.6,0.0,0.0,10.3
2017-05-16,30.7,24.6,27.6,0.7,0.7,7.0
2017-05-17,30.4,24.4,27.4,1.2,1.2,11.9
2017-05-18,30.7,24.7,27.6,0.5,0.5,8.3
2017-05-19,30.7,25.4,28.0,0.3,0.3,8.7
2017-05-20,30.5,25.2,27.7,1.2,1.2,9.4
2017-05-21,29.8,25.2,27.2,0.4,0.4,8.9
2017-05-22,30.8,24.7,27.5,0.6,0.6,12.2
2017-05-23,31.1,25.0,27.8,0.2,0.2,9.3
2017-05-24,31.1,25.2,27.6,0.6,0.6,10.1
2017-05-25,30.5,24.9,27.8,0.7,0.7,6.3
2017-05-26,31.5,24.1,27.8,0.0,0.0,14.4
2017-05-27,30.9,25.6,27.8,0.9,0.9,10.8
2017-05-28,29.0,25.2,26.5,10.5,10.5,5.1
2017-05-29,29.5,24.7,26.6,8.9,8.9,13.1
2017-05-30,29.8,24.7,27.0,6.1,6.1,17.4
2017-05-31,29.0,25.0,26.4,12.4,12.4,11.2
2017-06-01,29.6,24.3,26.4,9.1,9.1,16.7
2017-06-02,30.2,24.0,26.6,1.6,1.6,8.1
2017-06-03,30.1,25.0,27.3,2.0,2.0,7.9
2017-06-04,30.1,24.8,27.1,0.8,0.8,7.8
2017-06-05,30.0,25.0,26.9,2.7,2.7,6.5
2017-06-06,29.8,24.3,26.9,1.6,1.6,9.2
2017-06-07,29.8,24.6,27.1,1.5,1.5,12.8
2017-06-08,30.3,24.4,27.3,0.3,0.3,16.6
2017-06-09,30.9,24.5,27.6,0.0,0.0,9.5
2017-06-10,30.4,24.9,27.7,1.1,1.1,10.5
2017-06-11,29.6,24.9,27.1,3.4,3.4,7.9
2017-06-12,29.6,24.3,26.8,4.0,4.0,11.5
2017-06-13,29.8,24.2,26.5,12.4,12.4,13.4
2017-06-14,30.1,23.7,26.8,0.6,0.6,11.9
2017-06-15,29.8,24.5,26.8,7.3,7.3,10.2
2017-06-16,29.1,24.1,26.5,6.6,6.6,19.0
2017-06-17,30.1,24.5,26.7,5.9,5.9,11.2
2017-06-18,29.8,24.7,27.2,0.7,0.7,9.3
2017-06-19,30.0,23.7,26.6,2.1,2.1,11.3
2017-06-20,29.9,23.9,26.5,0.1,0.1,12.1
2017-06-21,29.2,23.7,26.5,0.7,0.7,10.4
2017-06-22,28.9,23.8,26.1,9.1,9.1,9.8
2017-06-23,28.7,24.1,26.1,5.2,5.2,9.7
2017-06-24,27.6,23.8,25.4,3.6,3.6,14.5
2017-06-25,28.9,23.5,25.5,24.4,24.4,13.4
2017-06-26,26.6,23.7,24.8,30.5,30.5,17.1
2017-06-27,28.5,23.4,25.7,1.2,1.2,10.0
2017-06-28,29.3,23.8,26.3,1.5,1.5,13.6
2017-06-29,29.1,23.9,26.4,1.9,1.9,8.7
2017-06-30,27.9,23.1,25.3,13.0,13.0,12.6
2017-07-01,28.7,23.0,25.7,2.4,2.4,15.8
2017-07-02,29.4,24.1,26.6,0.1,0.1,17.7
2017-07-03,28.5,23.8,26.3,3.3,3.3,10.0
2017-07-04,29.4,24.0,26.8,0.1,0.1,9.5
2017-07-05,29.3,24.1,26.5,2.2,2.2,11.9
2017-07-06,28.8,24.3,26.3,1.7,1.7,13.0
2017-07-07,29.6,24.0,26.6,0.2,0.2,8.7
2017-07-08,29.3,24.6,26.6,1.8,1.8,10.0
2017-07-09,28.9,23.8,26.2,0.8,0.8,8.4
2017-07-10,28.3,23.5,25.7,4.7,4.7,7.6
2017-07-11,28.4,23.5,25.7,6.6,6.6,7.3
2017-07-12,28.3,23.5,25.8,1.0,1.0,8.8
2017-07-13,29.0,23.9,26.1,0.0,0.0,8.3
2017-07-14,29.6,23.8,26.5,0.5,0.5,9.3
2017-07-15,28.8,24.3,25.9,2.6,2.6,9.2
2017-07-16,29.0,23.5,26.1,0.1,0.1,9.7
2017-07-17,29.1,23.3,25.8,0.1,0.1,7.0
2017-07-18,28.5,23.9,26.1,0.5,0.5,18.5
2017-07-19,28.9,24.5,26.4,1.3,1.3,11.5
2017-07-20,29.3,23.2,26.2,4.2,4.2,5.7
2017-07-21,28.8,23.4,26.0,2.1,2.1,5.2
2017-07-22,29.7,24.1,26.4,0.8,0.8,8.7
2017-07-23,28.5,23.5,25.8,12.7,12.7,11.3
2017-07-24,29.6,23.6,26.3,2.9,2.9,7.9
2017-07-25,29.9,24.2,26.4,0.8,0.8,10.7
2017-07-26,29.7,22.7,26.3,0.1,0.1,11.9
2017-07-27,29.6,22.6,26.3,0.2,0.2,9.6
2017-07-28,30.9,24.6,27.1,0.3,0.3,10.7
2017-07-29,29.5,24.5,26.4,2.2,2.2,12.5
2017-07-30,30.2,23.8,26.9,0.5,0.5,9.9
2017-07-31,30.8,23.9,27.3,0.4,0.4,10.8
2017-08-01,30.3,23.2,26.6,0.0,0.0,11.4
2017-08-02,30.5,22.6,26.4,0.1,0.1,15.3
2017-08-03,30.8,22.7,26.7,0.0,0.0,14.8
2017-08-04,30.4,22.8,26.8,0.0,0.0,9.5
2017-08-05,30.9,23.0,26.8,0.4,0.4,10.4
2017-08-06,30.6,23.7,27.1,0.0,0.0,8.0
2017-08-07,30.4,23.9,26.7,0.4,0.4,13.6
2017-08-08,30.9,23.8,27.3,0.7,0.7,11.1
2017-08-09,30.2,24.7,27.2,0.3,0.3,13.7
2017-08-10,29.6,24.6,26.8,0.9,0.9,15.5
2017-08-11,30.3,24.1,27.2,0.1,0.1,9.7
2017-08-12,29.6,24.6,26.8,1.6,1.6,7.4
2017-08-13,30.2,23.0,26.4,2.8,2.8,9.2
2017-08-14,30.7,23.5,27.2,0.7,0.7,9.3
2017-08-15,29.8,23.7,26.7,1.6,1.6,9.2
2017-08-16,30.7,23.9,27.1,0.0,0.0,10.9
2017-08-17,29.7,24.1,27.0,1.0,1.0,12.7
2017-08-18,30.8,24.4,27.3,1.5,1.5,16.9
2017-08-19,31.2,24.6,27.7,0.2,0.2,17.8
2017-08-20,31.4,25.0,28.0,1.1,1.1,13.5
2017-08-21,30.9,24.8,27.7,2.2,2.2,8.8
2017-08-22,30.9,24.3,27.7,1.4,1.4,13.4
2017-08-23,31.4,24.6,27.6,0.5,0.5,14.4
2017-08-24,31.8,24.7,28.0,0.8,0.8,10.2
2017-08-25,31.7,24.5,27.9,0.6,0.6,14.9
2017-08-26,31.5,25.4,27.8,0.7,0.7,21.7
2017-08-27,32.0,22.8,27.4,0.0,0.0,18.7
2017-08-28,32.0,23.5,27.6,0.7,0.7,11.2
2017-08-29,31.1,24.1,27.5,0.0,0.0,15.0
2017-08-30,30.9,24.3,27.5,0.0,0.0,15.5
2017-08-31,30.5,25.0,27.6,2.5,2.5,10.7
2017-09-01,30.3,24.6,27.2,2.4,2.4,11.4
2017-09-02,31.7,24.4,27.5,0.9,0.9,10.6
2017-09-03,31.7,24.5,27.8,0.0,0.0,17.7
2017-09-04,32.4,25.1,28.4,0.9,0.9,14.9
2017-09-05,31.7,25.3,28.0,0.4,0.4,11.2
2017-09-06,31.8,25.2,28.0,0.2,0.2,10.6
2017-09-07,30.6,24.6,27.3,1.6,1.6,21.6
2017-09-08,32.6,24.5,28.1,0.1,0.1,10.7
2017-09-09,32.6,24.8,28.2,0.4,0.4,14.8
2017-09-10,32.3,24.7,28.4,0.3,0.3,11.8
2017-09-11,32.0,25.1,28.3,0.4,0.4,13.8
2017-09-12,31.7,24.8,27.9,0.8,0.8,14.7
2017-09-13,31.9,24.0,27.8,0.1,0.1,14.1
2017-09-14,32.6,24.5,28.3,0.2,0.2,12.3
2017-09-15,32.7,25.1,28.9,0.2,0.2,14.1
2017-09-16,32.4,25.7,28.7,0.3,0.3,11.2
2017-09-17,32.8,25.7,29.0,0.3,0.3,11.2
2017-09-18,31.6,25.1,28.0,1.5,1.5,20.9
2017-09-19,31.1,25.1,27.6,3.3,3.3,10.7
2017-09-20,30.1,23.7,26.8,2.2,2.2,9.0
2017-09-21,30.6,24.0,27.2,1.0,1.0,13.6
2017-09-22,32.3,22.4,27.4,0.0,0.0,11.9
2017-09-23,32.9,24.4,28.6,0.6,0.6,14.2
2017-09-24,30.5,24.9,27.4,2.2,2.2,14.2
2017-09-25,30.6,25.2,27.6,6.7,6.7,11.4
2017-09-26,30.3,24.3,26.7,13.3,13.3,13.4
2017-09-27,26.0,24.1,24.8,20.9,20.9,9.2
2017-09-28,30.7,24.2,27.1,2.4,2.4,8.6
2017-09-29,29.8,24.6,26.9,2.4,2.4,11.5
2017-09-30,30.5,24.3,27.0,2.1,2.1,14.5
2017-10-01,31.6,24.2,27.2,2.2,2.2,16.5
2017-10-02,29.9,24.3,26.7,1.7,1.7,10.7
2017-10-03,29.9,24.0,26.7,1.2,1.2,9.4
2017-10-04,31.0,23.8,26.7,18.6,18.6,10.6
2017-10-05,30.3,23.7,27.1,4.0,4.0,14.3
2017-10-06,30.5,25.0,27.3,2.3,2.3,12.6
2017-10-07,31.2,24.7,27.7,1.0,1.0,11.6
2017-10-08,29.4,24.6,26.8,0.8,0.8,8.0
2017-10-09,29.8,24.6,26.7,6.3,6.3,11.4
2017-10-10,29.8,25.1,27.0,2.1,2.1,12.3
2017-10-11,31.6,24.8,27.8,1.0,1.0,12.2
2017-10-12,30.0,24.8,27.2,1.1,1.1,12.8
2017-10-13,31.5,24.7,27.3,1.3,1.3,19.8
2017-10-14,32.2,24.8,28.2,0.3,0.3,12.2
2017-10-15,32.1,24.8,28.1,0.6,0.6,11.7
2017-10-16,32.6,24.4,27.8,3.1,3.1,10.1
2017-10-17,31.0,24.8,27.9,0.5,0.5,6.6
2017-10-18,31.1,23.9,27.5,8.9,8.9,12.3
2017-10-19,30.6,24.9,27.1,9.7,9.7,13.7
2017-10-20,31.3,25.1,27.8,1.2,1.2,10.6
2017-10-21,31.7,25.9,28.6,7.0,7.0,8.9
2017-10-22,32.1,25.2,28.4,0.2,0.2,10.0
2017-10-23,30.7,25.5,27.7,1.2,1.2,7.4
2017-10-24,32.7,22.9,27.9,1.3,1.3,11.7
2017-10-25,32.4,23.5,28.0,1.1,1.1,12.7
2017-10-26,31.5,24.8,27.8,2.2,2.2,17.3
2017-10-27,32.3,24.4,27.9,0.9,0.9,12.9
2017-10-28,31.9,25.2,28.0,0.3,0.3,9.6
2017-10-29,29.6,25.1,27.2,10.5,10.5,9.6
2017-10-30,32.2,24.6,28.4,0.3,0.3,11.3
2017-10-31,31.6,25.7,28.4,0.4,0.4,11.7
2017-11-01,34.1,24.7,28.9,0.0,0.0,9.0
2017-11-02,32.4,24.5,28.2,0.6,0.6,19.0
2017-11-03,33.2,25.5,28.9,0.2,0.2,13.7
2017-11-04,32.9,25.0,28.4,0.8,0.8,18.7
2017-11-05,32.3,24.7,28.0,1.7,1.7,10.1
2017-11-06,31.3,24.6,26.9,10.9,10.9,12.4
2017-11-07,27.8,24.5,26.0,12.8,12.8,13.0
2017-11-08,29.9,24.0,26.5,13.9,13.9,9.0
2017-11-09,29.9,24.5,26.7,11.1,11.1,11.2
2017-11-10,29.9,24.8,26.9,0.9,0.9,12.4
2017-11-11,32.0,24.5,27.4,0.1,0.1,14.6
2017-11-12,31.1,24.3,27.2,3.3,3.3,14.8
2017-11-13,31.3,24.7,27.4,1.3,1.3,12.7
2017-11-14,31.5,25.1,27.5,0.5,0.5,12.1
2017-11-15,31.9,24.5,27.3,0.9,0.9,16.3
2017-11-16,31.0,24.9,26.7,8.6,8.6,13.9
2017-11-17,30.9,24.2,27.1,0.8,0.8,18.7
2017-11-18,31.2,24.3,27.2,0.4,0.4,10.3
2017-11-19,30.8,24.4,27.6,0.0,0.0,8.3
2017-11-20,31.9,25.2,28.1,0.0,0.0,18.2
2017-11-21,31.7,25.4,27.9,1.2,1.2,19.9
2017-11-22,32.0,25.7,28.1,0.5,0.5,16.3
2017-11-23,31.3,24.7,27.7,1.2,1.2,23.1
2017-11-24,31.5,25.7,27.9,0.8,0.8,22.4
2017-11-25,30.9,25.3,27.2,0.7,0.7,21.3
2017-11-26,28.6,24.9,26.5,3.0,3.0,25.5
2017-11-27,28.1,24.8,26.9,3.1,3.1,25.0
2017-11-28,30.4,25.1,27.3,3.3,3.3,31.5
2017-11-29,32.0,25.0,27.9,3.2,3.2,24.4
2017-11-30,28.3,24.0,25.5,24.5,24.5,34.7
2017-12-01,29.6,24.1,26.4,10.1,10.1,28.4
2017-12-02,30.5,25.1,27.3,0.0,0.0,27.1
2017-12-03,31.0,25.6,27.7,0.4,0.4,24.0
2017-12-04,29.5,25.0,26.8,1.0,1.0,28.8
2017-12-05,30.6,25.5,27.6,0.0,0.0,18.1
2017-12-06,30.5,24.9,27.7,0.7,0.7,19.0
2017-12-07,30.7,25.3,27.6,2.7,2.7,16.7
2017-12-08,30.9,25.0,27.4,2.4,2.4,15.6
2017-12-09,29.3,25.3,26.9,8.4,8.4,23.0
2017-12-10,29.3,24.7,26.7,1.4,1.4,20.2
2017-12-11,30.5,24.9,27.0,1.1,1.1,16.9
2017-12-12,29.1,24.3,26.1,12.6,12.6,17.2
2017-12-13,26.4,23.7,24.8,14.9,14.9,19.7
2017-12-14,28.0,24.0,25.6,2.0,2.0,16.3
2017-12-15,28.5,24.1,25.9,1.5,1.5,17.3
2017-12-16,28.4,24.0,25.5,7.7,7.7,15.0
2017-12-17,28.8,23.9,25.5,13.9,13.9,15.6
2017-12-18,29.3,24.1,26.4,7.6,7.6,10.9
2017-12-19,28.8,23.9,26.0,9.2,9.2,18.7
2017-12-20,28.7,23.9,25.5,12.1,12.1,18.4
2017-12-21,27.0,23.5,25.1,6.2,6.2,19.1
2017-12-22,27.0,23.7,25.1,13.2,13.2,18.6
2017-12-23,28.9,24.1,25.6,13.9,13.9,19.4
2017-12-24,29.9,24.3,26.8,0.8,0.8,22.1
2017-12-25,29.8,25.4,27.3,0.0,0.0,22.9
2017-12-26,29.5,25.5,27.3,1.0,1.0,21.3
2017-12-27,29.4,25.8,26.9,2.4,2.4,20.4
2017-12-28,30.1,24.5,27.2,0.3,0.3,14.2
2017-12-29,29.4,24.0,26.2,15.6,15.6,13.2
2017-12-30,29.1,24.1,26.3,4.6,4.6,15.8
2017-12-31,29.7,24.7,26.5,1.8,1.8,19.3
2018-01-01,28.9,24.0,26.4,0.6,0.6,23.9
2018-01-02,30.8,24.7,27.3,0.6,0.6,17.6
2018-01-03,30.8,24.6,27.3,1.4,1.4,15.6
2018-01-04,29.9,25.0,27.0,0.5,0.5,19.9
2018-01-05,28.5,24.1,25.8,2.9,2.9,20.2
2018-01-06,28.0,24.3,26.2,3.0,3.0,20.9
2018-01-07,28.2,24.6,26.0,0.2,0.2,20.1
2018-01-08,28.6,24.5,26.3,1.3,1.3,14.8
2018-01-09,28.3,23.6,25.7,13.5,13.5,9.7
2018-01-10,30.4,22.9,26.6,1.1,1.1,19.4
2018-01-11,29.7,24.1,26.8,1.0,1.0,31.3
2018-01-12,29.7,24.4,27.1,0.0,0.0,20.6
2018-01-13,29.3,24.6,26.7,3.1,3.1,25.4
2018-01-14,29.3,23.7,25.9,12.4,12.4,21.0
2018-01-15,28.2,23.6,25.4,19.4,19.4,24.3
2018-01-16,26.9,22.6,25.3,11.2,11.2,21.6
2018-01-17,29.5,24.6,26.6,1.8,1.8,17.4
2018-01-18,28.0,24.1,25.3,28.5,28.5,16.9
2018-01-19,27.4,24.3,25.5,14.6,14.6,27.2
2018-01-20,28.1,23.9,25.9,4.9,4.9,24.9
2018-01-21,29.6,24.4,26.7,4.0,4.0,24.4
2018-01-22,28.1,25.2,26.5,4.8,4.8,26.6
2018-01-23,29.5,24.6,26.8,1.1,1.1,18.0
2018-01-24,29.7,25.0,26.7,11.0,11.0,18.6
2018-01-25,28.4,25.1,26.7,2.8,2.8,24.4
2018-01-26,27.7,24.0,26.2,5.6,5.6,25.3
2018-01-27,29.9,26.1,27.6,0.4,0.4,22.1
2018-01-28,27.3,24.3,25.5,10.3,10.3,29.9
2018-01-29,27.8,23.7,25.1,10.5,10.5,30.2
2018-01-30,27.1,24.0,25.4,8.0,8.0,26.5
2018-01-31,29.0,24.4,26.2,3.1,3.1,22.0
2018-02-01,29.8,23.7,26.3,16.9,16.9,15.1
2018-02-02,29.9,24.9,27.1,2.5,2.5,20.0
2018-02-03,29.8,24.5,26.8,5.3,5.3,20.6
2018-02-04,28.9,23.8,26.1,14.3,14.3,16.9
2018-02-05,27.2,23.6,25.1,23.0,23.0,13.4
2018-02-06,27.8,23.4,25.3,8.1,8.1,13.0
2018-02-07,28.6,23.3,25.7,7.8,7.8,12.3
2018-02-08,28.5,24.1,26.0,3.5,3.5,14.6
2018-02-09,27.7,23.6,25.4,8.1,8.1,14.8
2018-02-10,28.5,24.0,25.9,1.0,1.0,15.5
2018-02-11,28.9,24.0,26.0,4.4,4.4,13.2
2018-02-12,28.6,24.1,25.8,5.5,5.5,12.5
2018-02-13,29.4,23.7,26.2,2.6,2.6,15.5
2018-02-14,28.2,24.1,25.8,6.4,6.4,15.5
2018-02-15,26.7,23.9,24.8,19.0,19.0,20.6
2018-02-16,28.4,23.6,25.7,10.2,10.2,19.5
2018-02-17,28.2,24.2,25.6,10.1,10.1,20.1
2018-02-18,28.6,24.0,25.9,1.5,1.5,14.4
2018-02-19,29.0,23.6,25.9,9.7,9.7,15.9
2018-02-20,28.6,24.3,26.1,8.3,8.3,15.8
2018-02-21,29.0,24.5,26.2,2.3,2.3,12.7
2018-02-22,28.6,24.1,26.2,6.0,6.0,10.4
2018-02-23,28.0,23.8,25.8,12.7,12.7,13.9
2018-02-24,29.3,23.0,25.9,8.6,8.6,8.2
2018-02-25,29.2,23.5,25.8,10.2,10.2,10.2
2018-02-26,27.9,23.3,25.4,19.3,19.3,8.7
2018-02-27,29.1,23.9,26.2,6.6,6.6,10.2
2018-02-28,28.1,23.6,25.5,13.0,13.0,9.5
2018-03-01,29.2,24.4,25.9,7.0,7.0,12.1
2018-03-02,29.9,23.7,26.5,1.8,1.8,12.9
2018-03-03,29.7,23.6,26.4,3.1,3.1,6.8
2018-03-04,29.7,24.1,26.9,5.7,5.7,7.1
2018-03-05,28.4,24.2,25.8,17.0,17.0,7.9
2018-03-06,27.9,24.1,26.0,1.9,1.9,10.9
2018-03-07,29.5,24.5,26.4,1.3,1.3,17.4
2018-03-08,28.2,24.0,26.0,8.5,8.5,11.6
2018-03-09,29.3,24.3,26.3,22.5,22.5,9.9
2018-03-10,28.7,23.3,26.0,17.5,17.5,9.1
2018-03-11,28.9,23.8,25.7,22.0,22.0,13.0
2018-03-12,27.4,23.7,25.6,24.0,24.0,18.0
2018-03-13,28.4,24.0,25.9,3.1,3.1,15.0
2018-03-14,29.7,24.0,26.5,1.8,1.8,12.8
2018-03-15,30.8,23.8,27.1,0.1,0.1,18.2
2018-03-16,30.5,23.5,27.2,1.0,1.0,8.0
2018-03-17,29.1,23.9,26.3,3.0,3.0,12.7
2018-03-18,29.7,23.3,26.5,3.2,3.2,9.7
2018-03-19,29.0,24.1,26.4,5.3,5.3,9.2
2018-03-20,29.9,23.8,27.1,1.2,1.2,15.5
2018-03-21,28.1,24.4,26.1,4.3,4.3,22.6
2018-03-22,29.3,24.4,26.4,4.4,4.4,19.9
2018-03-23,29.3,24.3,26.5,0.9,0.9,11.8
2018-03-24,29.4,23.9,25.9,2.8,2.8,17.4
2018-03-25,29.3,23.7,26.0,4.2,4.2,19.6
2018-03-26,28.2,24.2,25.9,1.7,1.7,16.6
2018-03-27,28.3,24.5,25.8,0.7,0.7,17.0
2018-03-28,30.0,24.4,26.6,2.1,2.1,18.9
2018-03-29,30.4,23.6,26.5,0.4,0.4,20.1
2018-03-30,29.7,24.6,26.9,0.3,0.3,21.3
2018-03-31,28.8,25.2,26.7,1.4,1.4,20.1
2018-04-01,28.9,25.0,26.4,3.7,3.7,20.5
2018-04-02,28.7,24.8,26.3,3.5,3.5,13.8
2018-04-03,29.4,23.5,26.4,4.7,4.7,14.4
2018-04-04,29.1,23.1,26.1,7.7,7.7,9.3
2018-04-05,29.9,24.3,26.8,1.9,1.9,8.5
2018-04-06,30.5,24.0,26.6,1.1,1.1,9.3
2018-04-07,29.2,24.6,26.3,11.5,11.5,16.1
2018-04-08,27.5,23.3,25.1,21.7,21.7,15.3
2018-04-09,28.1,23.2,25.6,5.2,5.2,12.7
2018-04-10,29.6,24.3,26.5,1.2,1.2,14.8
2018-04-11,30.1,23.5,26.9,0.9,0.9,13.0
2018-04-12,28.1,24.5,26.2,20.9,20.9,16.8
2018-04-13,29.8,24.3,26.8,2.9,2.9,11.5
2018-04-14,29.8,24.2,27.0,1.6,1.6,8.7
2018-04-15,30.4,24.0,26.9,1.6,1.6,9.2
2018-04-16,29.8,24.6,27.2,0.9,0.9,8.4
2018-04-17,28.9,24.8,26.5,13.3,13.3,8.6
2018-04-18,30.0,24.3,26.8,3.1,3.1,8.4
2018-04-19,29.7,24.6,26.7,3.9,3.9,6.2
2018-04-20,28.7,24.1,26.4,3.8,3.8,10.7
2018-04-21,29.6,24.5,26.8,0.5,0.5,7.5
2018-04-22,29.6,24.3,26.8,1.0,1.0,10.7
2018-04-23,27.4,24.6,25.8,11.8,11.8,8.0
2018-04-24,27.8,24.5,25.8,11.1,11.1,16.0
2018-04-25,28.5,23.5,25.5,4.4,4.4,10.2
2018-04-26,27.9,23.6,25.5,5.6,5.6,16.1
2018-04-27,28.8,24.3,25.9,29.2,29.2,15.5
2018-04-28,29.6,23.2,26.5,3.0,3.0,14.4
2018-04-29,29.9,24.4,27.0,0.4,0.4,9.4
2018-04-30,29.6,24.0,27.0,0.5,0.5,13.6
2018-05-01,29.9,24.0,26.8,0.1,0.1,10.8
2018-05-02,29.7,24.5,26.9,0.0,0.0,11.2
2018-05-03,29.1,24.1,26.4,0.6,0.6,7.7
2018-05-04,29.3,24.3,26.5,1.6,1.6,8.9
2018-05-05,29.7,24.0,26.9,0.8,0.8,13.0
2018-05-06,29.7,24.7,27.2,1.3,1.3,15.1
2018-05-07,30.5,24.7,27.1,0.2,0.2,13.1
2018-05-08,30.0,24.3,26.9,4.1,4.1,12.3
2018-05-09,30.2,24.5,27.0,0.8,0.8,15.5
2018-05-10,30.3,24.7,27.2,0.0,0.0,16.3
2018-05-11,29.7,24.2,26.9,1.3,1.3,15.0
2018-05-12,30.4,24.4,27.1,0.1,0.1,11.4
2018-05-13,30.4,24.4,27.3,0.5,0.5,13.1
2018-05-14,30.5,24.7,27.5,0.4,0.4,10.4
2018-05-15,30.3,24.6,27.2,0.2,0.2,10.5
2018-05-16,29.9,24.6,26.4,9.7,9.7,12.8
2018-05-17,28.8,23.5,26.2,8.8,8.8,8.7
2018-05-18,29.0,24.5,26.4,6.6,6.6,13.4
2018-05-19,27.9,24.1,25.7,5.8,5.8,10.9
2018-05-20,29.0,23.7,26.1,5.3,5.3,9.4
2018-05-21,29.7,23.8,26.4,3.9,3.9,10.5
2018-05-22,30.1,24.3,26.6,14.9,14.9,15.8
2018-05-23,28.1,24.2,25.8,22.7,22.7,9.4
2018-05-24,28.7,24.3,26.0,2.8,2.8,7.9
2018-05-25,28.8,24.3,26.0,9.8,9.8,11.9
2018-05-26,29.0,24.4,26.5,13.3,13.3,8.7
2018-05-27,29.4,25.0,26.5,7.2,7.2,9.0
2018-05-28,29.7,24.7,27.0,0.0,0.0,12.1
2018-05-29,29.7,24.1,26.9,0.1,0.1,11.3
2018-05-30,29.1,24.3,26.7,1.1,1.1,10.9
2018-05-31,30.3,23.5,26.8,1.0,1.0,9.4
2018-06-01,30.6,21.7,25.7,0.0,0.0,13.1
2018-06-02,29.1,21.3,25.7,2.8,2.8,14.1
2018-06-03,29.4,24.0,26.6,1.6,1.6,12.6
2018-06-04,29.1,24.5,26.6,0.8,0.8,13.5
2018-06-05,29.4,24.2,26.7,1.3,1.3,13.8
2018-06-06,29.8,23.6,26.7,1.9,1.9,10.2
2018-06-07,29.9,24.6,26.9,2.1,2.1,7.3
2018-06-08,29.3,24.7,26.7,1.3,1.3,8.7
2018-06-09,30.3,23.4,26.9,0.1,0.1,8.7
2018-06-10,30.0,23.7,27.2,1.3,1.3,11.8
2018-06-11,30.5,24.6,27.3,0.2,0.2,10.0
2018-06-12,30.7,24.1,27.1,2.4,2.4,10.1
2018-06-13,30.3,24.0,27.2,0.3,0.3,10.2
2018-06-14,30.1,24.5,27.1,2.4,2.4,7.4
2018-06-15,29.8,24.5,27.1,0.9,0.9,8.7
2018-06-16,29.3,24.6,26.9,1.9,1.9,12.4
2018-06-17,30.0,24.3,26.9,2.1,2.1,15.5
2018-06-18,29.2,24.4,26.5,2.2,2.2,16.7
2018-06-19,30.7,23.0,26.5,0.0,0.0,8.6
2018-06-20,30.5,23.9,27.1,0.1,0.1,18.5
2018-06-21,29.9,24.6,27.2,1.0,1.0,19.3
2018-06-22,29.0,24.3,26.4,3.0,3.0,14.3
2018-06-23,29.0,23.9,26.0,6.8,6.8,13.4
2018-06-24,28.4,23.5,25.5,12.2,12.2,10.1
2018-06-25,25.3,23.3,24.3,20.2,20.2,9.0
2018-06-26,28.9,23.4,25.8,3.1,3.1,7.3
2018-06-27,28.9,23.2,25.9,0.6,0.6,8.3
2018-06-28,28.9,23.7,26.1,1.3,1.3,9.9
2018-06-29,29.0,23.8,26.0,1.8,1.8,9.0
2018-06-30,29.1,22.8,26.0,0.3,0.3,9.4
2018-07-01,29.1,23.4,26.2,0.6,0.6,11.2
2018-07-02,28.7,22.9,25.8,0.7,0.7,10.8
2018-07-03,28.9,22.7,26.0,0.4,0.4,9.7
2018-07-04,29.2,24.0,26.5,0.5,0.5,11.1
2018-07-05,29.1,24.3,26.4,0.6,0.6,6.9
2018-07-06,29.3,22.5,25.3,0.0,0.0,8.6
2018-07-07,29.6,21.4,25.5,0.0,0.0,8.2
2018-07-08,30.1,22.5,26.1,0.0,0.0,12.7
2018-07-09,30.2,23.1,26.5,0.5,0.5,8.2
2018-07-10,29.0,24.5,26.7,2.2,2.2,7.1
2018-07-11,29.9,23.6,26.4,1.4,1.4,10.1
2018-07-12,29.4,23.8,26.1,0.7,0.7,7.7
2018-07-13,29.7,22.8,26.0,0.2,0.2,12.3
2018-07-14,28.8,23.2,25.9,2.3,2.3,12.6
2018-07-15,29.4,22.7,25.9,0.1,0.1,12.3
2018-07-16,30.3,23.2,26.2,0.0,0.0,13.0
2018-07-17,29.9,23.0,26.1,0.0,0.0,12.3
2018-07-18,30.6,23.0,26.4,0.2,0.2,12.6
2018-07-19,30.5,23.1,26.6,0.2,0.2,12.8
2018-07-20,31.3,24.4,27.3,0.7,0.7,10.2
2018-07-21,30.1,24.9,27.2,0.9,0.9,9.2
2018-07-22,31.9,23.5,27.2,2.2,2.2,13.6
2018-07-23,30.0,24.5,27.0,1.4,1.4,12.8
2018-07-24,30.5,24.2,27.1,1.3,1.3,8.1
2018-07-25,30.5,24.0,26.9,0.8,0.8,11.8
2018-07-26,30.3,23.3,26.8,1.4,1.4,10.3
2018-07-27,31.2,23.7,26.9,0.0,0.0,13.9
2018-07-28,31.0,22.9,26.4,0.0,0.0,14.8
2018-07-29,30.9,22.8,26.4,0.0,0.0,14.1
2018-07-30,30.8,21.4,26.0,0.0,0.0,10.4
2018-07-31,31.7,21.7,26.8,0.0,0.0,11.1
2018-08-01,31.4,23.5,27.2,1.8,1.8,10.0
2018-08-02,30.6,23.4,26.6,0.8,0.8,13.4
2018-08-03,31.1,22.3,26.7,0.7,0.7,13.5
2018-08-04,30.4,23.0,26.5,0.5,0.5,14.3
2018-08-05,30.9,22.9,26.7,1.3,1.3,11.6
2018-08-06,30.8,22.4,26.3,0.0,0.0,16.0
2018-08-07,31.0,23.6,26.8,0.4,0.4,10.6
2018-08-08,31.0,23.4,27.2,0.4,0.4,9.4
2018-08-09,31.0,24.1,27.5,0.2,0.2,9.6
2018-08-10,31.4,24.8,28.0,1.5,1.5,10.7
2018-08-11,31.0,24.3,27.2,1.0,1.0,10.6
2018-08-12,31.3,23.9,27.4,0.9,0.9,10.0
2018-08-13,31.0,24.6,27.6,2.5,2.5,10.4
2018-08-14,31.1,24.6,27.4,1.8,1.8,11.4
2018-08-15,31.0,24.2,27.4,0.6,0.6,9.7
2018-08-16,30.8,24.2,27.0,0.5,0.5,17.4
2018-08-17,30.9,23.5,27.0,0.3,0.3,14.3
2018-08-18,31.6,22.8,27.0,0.0,0.0,10.6
2018-08-19,31.6,23.4,27.1,0.0,0.0,11.6
2018-08-20,31.5,24.0,27.5,0.6,0.6,19.5
2018-08-21,31.7,24.8,28.0,0.6,0.6,10.5
2018-08-22,31.3,25.2,27.9,2.3,2.3,11.4
2018-08-23,30.9,24.4,27.6,0.3,0.3,12.0
2018-08-24,31.0,24.1,27.3,2.9,2.9,9.8
2018-08-25,31.1,24.2,27.4,1.5,1.5,9.7
2018-08-26,31.1,24.9,27.6,0.7,0.7,13.7
2018-08-27,31.8,24.6,27.9,0.1,0.1,15.1
2018-08-28,31.9,24.3,28.0,0.9,0.9,11.2
2018-08-29,31.5,24.3,27.5,1.7,1.7,10.7
2018-08-30,31.4,23.7,27.4,1.6,1.6,14.0
2018-08-31,30.4,24.1,27.0,1.6,1.6,11.3
2018-09-01,29.9,23.0,26.3,6.2,6.2,13.2
2018-09-02,29.9,23.4,26.2,6.3,6.3,10.8
2018-09-03,31.2,23.6,26.9,0.7,0.7,13.9
2018-09-04,31.0,22.3,26.8,0.0,0.0,15.2
2018-09-05,31.6,24.2,27.5,0.0,0.0,13.8
2018-09-06,31.7,24.5,27.5,4.1,4.1,16.6
2018-09-07,32.4,24.6,27.8,2.7,2.7,10.6
2018-09-08,31.4,24.2,27.6,1.7,1.7,8.5
2018-09-09,32.1,24.3,27.7,0.5,0.5,12.1
2018-09-10,32.5,23.3,28.0,0.0,0.0,11.9
2018-09-11,33.3,24.0,28.1,0.5,0.5,12.9
2018-09-12,32.6,22.7,27.6,2.0,2.0,9.7
2018-09-13,31.6,23.1,27.7,0.2,0.2,13.7
2018-09-14,32.1,22.5,27.2,0.4,0.4,19.3
2018-09-15,30.3,23.0,26.7,0.7,0.7,13.4
2018-09-16,30.1,23.8,26.9,1.7,1.7,12.6
2018-09-17,33.2,23.5,27.9,0.0,0.0,12.8
2018-09-18,32.9,24.7,28.7,0.3,0.3,15.6
2018-09-19,31.2,24.7,27.4,3.6,3.6,14.3
2018-09-20,29.1,25.3,26.9,2.4,2.4,15.8
2018-09-21,27.9,24.3,25.9,3.9,3.9,10.1
2018-09-22,31.9,24.6,27.5,0.0,0.0,14.1
2018-09-23,30.4,24.2,26.7,1.1,1.1,14.1
2018-09-24,32.6,23.1,27.6,0.1,0.1,12.1
2018-09-25,32.8,23.7,27.8,0.0,0.0,13.7
2018-09-26,32.5,23.7,28.1,0.0,0.0,12.1
2018-09-27,31.9,25.0,28.0,1.2,1.2,10.5
2018-09-28,32.2,24.6,28.2,0.6,0.6,11.4
2018-09-29,32.7,24.2,28.3,0.0,0.0,15.5
2018-09-30,32.8,24.3,28.3,0.0,0.0,15.6
2018-10-01,31.9,24.3,28.1,2.2,2.2,9.8
2018-10-02,32.1,24.7,28.2,0.7,0.7,13.6
2018-10-03,31.7,24.7,28.0,0.9,0.9,14.0
2018-10-04,32.1,25.4,28.1,1.7,1.7,13.9
2018-10-05,32.4,25.3,28.5,0.4,0.4,11.7
2018-10-06,32.3,25.3,28.4,1.8,1.8,10.6
2018-10-07,32.9,24.9,28.7,0.0,0.0,14.3
2018-10-08,33.9,25.2,29.1,0.0,0.0,12.9
2018-10-09,33.3,25.1,28.9,0.3,0.3,13.0
2018-10-10,33.2,25.2,29.0,0.0,0.0,12.8
2018-10-11,32.7,25.3,28.8,1.1,1.1,12.1
2018-10-12,32.2,24.5,28.3,0.3,0.3,13.5
2018-10-13,32.6,25.3,28.7,2.1,2.1,14.2
2018-10-14,32.0,25.1,28.3,1.4,1.4,12.4
2018-10-15,31.0,24.6,27.8,2.3,2.3,11.8
2018-10-16,32.7,24.6,28.6,0.2,0.2,12.0
2018-10-17,33.0,25.2,28.7,0.0,0.0,10.9
2018-10-18,32.7,23.7,27.9,1.0,1.0,11.5
2018-10-19,31.5,24.5,27.7,1.6,1.6,14.1
2018-10-20,31.7,24.9,28.0,1.1,1.1,13.6
2018-10-21,32.7,25.5,28.5,2.3,2.3,16.9
2018-10-22,32.7,24.6,28.5,1.6,1.6,13.2
2018-10-23,30.7,23.7,27.4,5.0,5.0,12.5
2018-10-24,32.8,24.5,28.5,0.6,0.6,9.6
2018-10-25,33.1,25.1,28.7,0.5,0.5,12.3
2018-10-26,31.8,25.1,28.2,0.7,0.7,10.6
2018-10-27,30.7,24.5,27.2,2.6,2.6,10.4
2018-10-28,30.7,24.6,27.4,0.6,0.6,12.6
2018-10-29,30.8,24.1,27.0,8.8,8.8,13.0
2018-10-30,30.7,24.6,26.9,5.2,5.2,11.6
2018-10-31,31.3,24.5,27.4,1.3,1.3,8.9
2018-11-01,31.7,25.0,28.1,1.4,1.4,7.6
2018-11-02,31.6,24.4,27.9,3.0,3.0,17.3
2018-11-03,30.5,25.1,27.3,3.7,3.7,10.1
2018-11-04,31.6,25.3,27.7,1.8,1.8,10.5
2018-11-05,31.3,24.6,27.4,0.7,0.7,9.7
2018-11-06,31.7,24.9,27.7,9.6,9.6,11.3
2018-11-07,28.7,25.5,26.7,7.6,7.6,10.3
2018-11-08,30.2,24.6,27.1,1.0,1.0,10.2
2018-11-09,27.3,23.7,25.5,15.2,15.2,12.0
2018-11-10,29.5,24.4,26.5,16.8,16.8,8.2
2018-11-11,29.8,24.7,26.2,16.9,16.9,10.3
2018-11-12,29.6,24.0,26.4,7.6,7.6,10.9
2018-11-13,29.8,25.1,26.9,4.9,4.9,17.1
2018-11-14,29.0,25.6,27.2,0.0,0.0,18.5
2018-11-15,31.7,25.1,27.9,0.0,0.0,15.5
2018-11-16,33.6,24.9,28.9,0.9,0.9,19.0
2018-11-17,33.0,24.4,28.3,1.3,1.3,10.9
2018-11-18,30.3,25.0,27.0,10.2,10.2,17.7
2018-11-19,31.1,24.7,27.3,2.0,2.0,9.7
2018-11-20,30.9,25.1,27.5,0.2,0.2,10.5
2018-11-21,31.7,24.3,27.5,0.7,0.7,11.4
2018-11-22,32.3,24.8,28.0,1.0,1.0,22.7
2018-11-23,31.4,24.7,27.8,2.2,2.2,13.3
2018-11-24,31.0,24.6,27.5,4.9,4.9,11.3
2018-11-25,30.5,24.3,26.9,4.1,4.1,12.9
2018-11-26,30.8,24.7,26.5,19.7,19.7,11.8
2018-11-27,31.8,23.6,27.3,2.2,2.2,9.4
2018-11-28,30.8,24.5,27.1,3.7,3.7,12.6
2018-11-29,31.0,25.4,27.3,3.4,3.4,11.6
2018-11-30,30.2,24.7,26.9,2.5,2.5,9.5
2018-12-01,32.1,24.5,27.9,0.5,0.5,10.7
2018-12-02,30.9,24.1,27.6,0.8,0.8,10.0
2018-12-03,29.5,23.8,26.6,6.8,6.8,11.5
2018-12-04,27.8,25.0,26.0,6.0,6.0,8.8
2018-12-05,29.6,24.4,26.7,3.7,3.7,11.2
2018-12-06,30.9,23.9,26.8,1.2,1.2,10.7
2018-12-07,30.8,24.7,27.6,0.5,0.5,10.9
2018-12-08,31.6,24.1,27.6,1.9,1.9,16.4
2018-12-09,30.9,24.7,27.7,0.8,0.8,13.0
2018-12-10,30.9,25.5,27.7,2.6,2.6,5.9
2018-12-11,31.3,24.8,27.8,0.7,0.7,8.6
2018-12-12,31.5,24.7,26.9,9.5,9.5,12.0
2018-12-13,31.9,24.7,27.7,0.7,0.7,17.1
2018-12-14,29.2,25.1,26.6,3.5,3.5,26.1
2018-12-15,27.1,23.5,25.3,11.8,11.8,20.8
2018-12-16,31.1,24.9,27.4,1.5,1.5,17.3
2018-12-17,32.1,24.8,27.9,1.3,1.3,18.4
2018-12-18,31.4,24.3,27.7,0.0,0.0,14.4
2018-12-19,31.6,24.8,27.4,1.7,1.7,11.0
2018-12-20,30.6,24.0,26.9,0.0,0.0,19.1
2018-12-21,30.0,23.8,27.1,0.0,0.0,17.3
2018-12-22,29.0,24.4,26.6,1.7,1.7,15.9
2018-12-23,27.8,24.5,26.1,2.6,2.6,20.4
2018-12-24,28.6,24.9,26.3,1.9,1.9,24.6
2018-12-25,27.3,23.6,25.2,7.0,7.0,25.5
2018-12-26,25.7,23.6,24.5,29.6,29.6,21.3
2018-12-27,27.0,23.9,25.5,3.3,3.3,23.7
2018-12-28,28.7,24.2,26.2,1.5,1.5,28.2
2018-12-29,29.3,24.8,27.0,1.5,1.5,31.4
2018-12-30,28.3,24.8,26.4,6.1,6.1,30.4
2018-12-31,27.9,24.4,26.1,7.2,7.2,27.7
2019-01-01,27.0,23.9,24.7,30.6,30.6,22.8
2019-01-02,28.4,23.7,25.6,5.6,5.6,27.3
2019-01-03,28.1,23.8,25.6,14.4,14.4,26.1
2019-01-04,30.2,23.9,27.0,0.2,0.2,17.3
2019-01-05,30.1,23.8,26.8,1.6,1.6,12.3
2019-01-06,30.2,24.1,27.3,3.0,3.0,9.0
2019-01-07,29.3,24.4,26.7,4.9,4.9,9.4
2019-01-08,29.8,24.1,26.8,5.1,5.1,9.9
2019-01-09,29.2,24.3,26.4,7.0,7.0,10.2
2019-01-10,29.2,24.7,26.8,11.2,11.2,9.8
2019-01-11,30.7,24.6,27.4,1.4,1.4,10.5
2019-01-12,29.8,24.5,27.1,3.8,3.8,9.7
2019-01-13,29.3,24.7,26.3,13.8,13.8,14.0
2019-01-14,28.6,23.6,25.9,18.0,18.0,11.4
2019-01-15,27.6,25.1,26.3,3.6,3.6,20.8
2019-01-16,28.3,24.2,26.0,6.8,6.8,21.1
2019-01-17,28.7,23.9,26.1,3.1,3.1,25.7
2019-01-18,28.3,24.9,26.1,4.7,4.7,22.7
2019-01-19,29.5,24.3,26.5,7.6,7.6,16.2
2019-01-20,30.0,24.7,27.1,4.0,4.0,13.5
2019-01-21,27.6,24.4,25.9,9.5,9.5,11.4
2019-01-22,27.4,24.2,25.6,8.5,8.5,20.6
2019-01-23,29.9,24.0,26.5,6.8,6.8,18.0
2019-01-24,30.3,24.3,26.8,6.4,6.4,16.1
2019-01-25,27.2,24.1,25.4,11.2,11.2,11.0
2019-01-26,30.1,24.7,27.0,2.8,2.8,18.7
2019-01-27,29.3,24.5,26.6,3.7,3.7,18.2
2019-01-28,30.3,24.8,26.9,2.5,2.5,20.9
2019-01-29,29.6,25.0,26.8,3.6,3.6,18.2
2019-01-30,29.2,23.9,26.4,3.9,3.9,13.8
2019-01-31,30.2,25.1,27.3,2.8,2.8,12.8
2019-02-01,30.0,24.2,26.7,1.0,1.0,12.4
2019-02-02,29.6,24.3,26.8,4.3,4.3,8.2
2019-02-03,29.9,24.0,27.0,1.2,1.2,13.7
2019-02-04,29.9,24.9,27.1,1.6,1.6,16.8
2019-02-05,29.0,24.8,26.9,0.5,0.5,17.9
2019-02-06,29.1,24.4,26.6,7.6,7.6,14.6
2019-02-07,29.3,24.5,26.8,1.6,1.6,19.2
2019-02-08,29.2,24.6,26.6,0.7,0.7,15.4
2019-02-09,29.7,24.6,26.9,1.5,1.5,15.1
2019-02-10,28.3,24.8,26.3,1.1,1.1,16.6
2019-02-11,30.3,24.6,27.0,2.4,2.4,15.8
2019-02-12,29.7,24.6,26.7,2.1,2.1,11.3
2019-02-13,29.9,24.1,26.9,1.3,1.3,12.3
2019-02-14,29.8,24.4,26.8,7.9,7.9,10.2
2019-02-15,26.5,23.5,25.1,33.2,33.2,7.3
2019-02-16,29.1,23.9,26.4,10.2,10.2,10.0
2019-02-17,28.3,22.9,25.6,9.2,9.2,10.1
2019-02-18,28.9,24.4,26.3,9.7,9.7,12.7
2019-02-19,30.1,24.3,26.9,2.8,2.8,10.4
2019-02-20,28.9,24.0,26.5,10.5,10.5,6.8
2019-02-21,28.4,23.5,25.8,19.9,19.9,12.7
2019-02-22,28.7,24.2,25.9,25.1,25.1,11.6
2019-02-23,30.0,23.7,26.2,26.2,26.2,7.3
2019-02-24,28.6,23.9,26.4,5.7,5.7,10.4
2019-02-25,29.6,24.7,26.6,7.0,7.0,9.7
2019-02-26,29.8,24.6,27.1,3.0,3.0,14.5
2019-02-27,29.0,24.8,26.6,3.9,3.9,13.5
2019-02-28,29.8,24.3,26.9,2.7,2.7,10.5
2019-03-01,28.6,24.9,26.6,6.5,6.5,7.8
2019-03-02,28.7,24.2,26.3,14.1,14.1,9.4
2019-03-03,27.1,24.5,25.4,8.7,8.7,5.9
2019-03-04,29.2,23.7,26.5,3.6,3.6,15.6
2019-03-05,29.5,24.4,26.4,9.8,9.8,9.2
2019-03-06,27.0,24.0,25.4,17.8,17.8,8.5
2019-03-07,29.6,24.2,26.6,2.3,2.3,9.5
2019-03-08,29.9,24.4,26.8,7.6,7.6,11.2
2019-03-09,30.3,24.0,26.9,0.5,0.5,8.4
2019-03-10,31.4,24.6,27.4,0.3,0.3,19.5
2019-03-11,28.6,24.2,25.7,18.6,18.6,18.7
2019-03-12,28.7,24.0,25.6,28.9,28.9,10.0
2019-03-13,29.6,24.0,26.6,3.7,3.7,8.7
2019-03-14,29.3,24.4,26.7,4.2,4.2,11.8
2019-03-15,30.2,24.9,27.3,0.1,0.1,16.4
2019-03-16,28.9,24.4,26.6,0.1,0.1,17.3
2019-03-17,30.3,24.9,26.9,2.8,2.8,11.4
2019-03-18,29.9,24.4,26.7,2.3,2.3,18.2
2019-03-19,27.6,24.4,25.8,7.5,7.5,20.9
2019-03-20,28.3,24.6,26.4,0.9,0.9,16.6
2019-03-21,28.6,24.7,26.3,4.7,4.7,17.0
2019-03-22,29.7,24.2,26.5,4.5,4.5,20.9
2019-03-23,28.7,24.6,26.2,2.9,2.9,23.8
2019-03-24,28.6,24.7,26.2,6.5,6.5,20.6
2019-03-25,29.5,24.9,26.6,1.6,1.6,15.3
2019-03-26,29.6,24.7,26.7,7.9,7.9,9.4
2019-03-27,29.4,24.2,26.4,7.5,7.5,7.9
2019-03-28,29.8,24.3,26.7,1.6,1.6,13.3
2019-03-29,30.5,24.3,27.1,4.5,4.5,8.1
2019-03-30,30.0,23.6,26.7,0.9,0.9,9.8
2019-03-31,29.4,25.0,26.8,5.7,5.7,10.8
2019-04-01,30.0,23.9,26.7,0.7,0.7,16.8
2019-04-02,30.4,24.6,27.2,0.3,0.3,16.3
2019-04-03,29.9,23.6,26.5,3.7,3.7,10.5
2019-04-04,29.8,23.7,26.6,8.6,8.6,7.3
2019-04-05,28.3,24.1,26.3,2.0,2.0,10.7
2019-04-06,30.4,24.4,26.7,3.8,3.8,12.0
2019-04-07,30.4,23.7,26.9,1.8,1.8,12.1
2019-04-08,30.6,24.8,27.4,1.2,1.2,14.8
2019-04-09,29.9,24.3,27.1,0.5,0.5,11.2
2019-04-10,30.1,25.1,27.4,1.8,1.8,14.6
2019-04-11,29.5,25.3,27.1,0.7,0.7,18.2
2019-04-12,30.5,24.9,27.2,2.5,2.5,16.9
2019-04-13,31.0,24.4,27.7,0.8,0.8,13.9
2019-04-14,31.0,24.4,27.2,7.4,7.4,10.7
2019-04-15,30.0,24.6,26.7,9.1,9.1,8.4
2019-04-16,30.2,24.9,26.9,2.5,2.5,7.7
2019-04-17,30.4,23.9,27.1,5.9,5.9,10.9
2019-04-18,30.5,24.7,27.2,1.9,1.9,8.2
2019-04-19,29.0,24.5,26.4,10.0,10.0,13.8
2019-04-20,29.8,23.7,26.6,3.8,3.8,9.9
2019-04-21,30.2,24.9,27.1,7.5,7.5,18.2
2019-04-22,31.2,24.9,27.5,5.0,5.0,11.0
2019-04-23,29.3,25.0,27.1,3.7,3.7,14.7
2019-04-24,28.2,24.8,25.7,36.4,36.4,8.6
2019-04-25,29.7,24.6,26.8,1.8,1.8,10.9
2019-04-26,29.6,24.2,26.6,8.9,8.9,11.9
2019-04-27,28.0,24.7,26.1,11.7,11.7,12.4
2019-04-28,29.4,24.0,26.5,6.8,6.8,5.5
2019-04-29,29.7,24.1,26.8,2.4,2.4,8.3
2019-04-30,29.6,25.0,27.0,1.8,1.8,15.6
2019-05-01,29.4,25.1,26.8,0.8,0.8,16.3
2019-05-02,30.5,25.3,27.4,0.0,0.0,16.9
2019-05-03,30.3,23.3,27.0,1.3,1.3,9.8
2019-05-04,30.1,24.4,27.0,2.4,2.4,11.5
2019-05-05,29.1,24.2,26.4,4.9,4.9,10.6
2019-05-06,29.5,24.4,26.2,6.4,6.4,9.4
2019-05-07,30.0,24.0,26.8,0.3,0.3,7.2
2019-05-08,30.1,24.9,27.3,0.7,0.7,12.3
2019-05-09,30.3,24.2,26.6,12.1,12.1,12.1
2019-05-10,29.1,24.2,26.4,21.1,21.1,9.4
2019-05-11,29.4,24.3,26.7,2.1,2.1,14.3
2019-05-12,28.2,23.8,26.1,8.9,8.9,10.9
2019-05-13,29.4,24.3,26.9,3.2,3.2,10.1
2019-05-14,29.1,24.0,26.1,8.8,8.8,13.5
2019-05-15,29.5,24.6,26.3,5.2,5.2,11.6
2019-05-16,28.9,23.5,26.2,7.4,7.4,11.4
2019-05-17,29.4,23.5,26.4,0.8,0.8,10.9
2019-05-18,29.2,23.7,26.5,1.3,1.3,9.4
2019-05-19,29.7,23.6,26.9,0.0,0.0,8.2
2019-05-20,29.7,24.2,26.8,1.4,1.4,7.9
2019-05-21,30.3,24.1,27.3,0.0,0.0,10.3
2019-05-22,30.4,24.1,27.4,0.2,0.2,9.4
2019-05-23,30.8,24.3,27.4,0.0,0.0,8.7
2019-05-24,30.5,24.6,27.4,0.2,0.2,14.8
2019-05-25,30.3,24.6,27.3,0.6,0.6,8.5
2019-05-26,30.7,23.7,27.3,0.0,0.0,7.6
2019-05-27,30.5,24.7,27.5,1.4,1.4,12.1
2019-05-28,30.9,25.5,27.8,1.0,1.0,14.2
2019-05-29,30.5,24.5,27.6,1.0,1.0,11.0
2019-05-30,30.3,24.8,27.4,4.6,4.6,9.9
2019-05-31,30.1,24.0,27.1,0.1,0.1,8.7
2019-06-01,30.4,25.3,27.7,0.8,0.8,9.5
2019-06-02,30.3,25.1,27.4,0.4,0.4,9.8
2019-06-03,29.9,24.7,27.1,1.8,1.8,8.5
2019-06-04,30.3,24.1,27.1,0.7,0.7,12.6
2019-06-05,31.0,24.7,27.6,0.3,0.3,12.0
2019-06-06,30.5,24.4,27.4,1.7,1.7,12.4
2019-06-07,29.3,24.5,26.6,1.7,1.7,9.0
2019-06-08,30.4,24.1,27.1,0.6,0.6,8.7
2019-06-09,30.6,24.8,27.5,0.5,0.5,7.9
2019-06-10,31.2,24.2,27.7,0.0,0.0,10.3
2019-06-11,31.6,24.1,27.9,0.0,0.0,8.4
2019-06-12,31.4,25.0,28.0,0.9,0.9,11.6
2019-06-13,31.2,25.1,28.3,0.6,0.6,11.0
2019-06-14,31.2,24.9,27.5,4.1,4.1,9.8
2019-06-15,30.0,24.6,27.2,9.6,9.6,9.2
2019-06-16,30.2,24.3,26.9,4.0,4.0,10.6
2019-06-17,30.7,24.0,27.4,0.3,0.3,16.8
2019-06-18,30.8,23.9,27.1,0.2,0.2,14.8
2019-06-19,31.3,24.2,27.3,0.0,0.0,10.7
2019-06-20,31.2,24.4,27.4,0.0,0.0,11.9
2019-06-21,31.2,24.6,27.4,0.2,0.2,10.8
2019-06-22,31.5,23.1,27.3,0.1,0.1,13.0
2019-06-23,32.0,23.0,27.2,0.1,0.1,8.2
2019-06-24,30.4,22.7,27.0,0.9,0.9,8.3
2019-06-25,32.1,23.9,27.4,0.0,0.0,12.8
2019-06-26,31.8,23.6,27.4,0.0,0.0,10.8
2019-06-27,32.1,24.3,28.1,0.0,0.0,10.4
2019-06-28,31.9,24.6,28.2,0.2,0.2,10.7
2019-06-29,32.2,24.6,28.1,0.3,0.3,12.2
2019-06-30,31.6,24.1,27.8,0.6,0.6,13.5
2019-07-01,31.7,24.0,27.5,0.0,0.0,10.1
2019-07-02,31.0,23.8,27.4,0.4,0.4,18.7
2019-07-03,32.2,23.9,27.9,0.1,0.1,12.3
2019-07-04,31.0,24.1,27.4,1.9,1.9,12.6
2019-07-05,31.2,24.0,27.4,2.6,2.6,9.4
2019-07-06,31.8,24.7,27.7,4.6,4.6,15.9
2019-07-07,30.8,23.9,27.1,2.2,2.2,18.0
2019-07-08,31.3,23.7,27.0,1.1,1.1,12.0
2019-07-09,30.0,23.2,26.8,1.8,1.8,10.1
2019-07-10,30.5,23.6,27.0,1.0,1.0,20.2
2019-07-11,31.0,23.6,27.1,0.1,0.1,17.0
2019-07-12,32.0,23.8,27.4,0.0,0.0,11.5
2019-07-13,31.5,23.4,27.4,0.7,0.7,10.0
2019-07-14,30.9,23.4,26.9,0.9,0.9,9.1
2019-07-15,31.2,22.9,27.1,0.4,0.4,14.6
2019-07-16,31.5,22.3,27.2,0.0,0.0,13.2
2019-07-17,31.6,23.5,27.1,0.0,0.0,13.0
2019-07-18,32.1,22.4,27.1,0.0,0.0,10.7
2019-07-19,31.8,24.4,28.0,0.5,0.5,11.1
2019-07-20,31.6,25.6,28.3,0.7,0.7,10.0
2019-07-21,32.2,24.6,27.9,1.0,1.0,13.6
2019-07-22,31.5,24.5,27.8,0.4,0.4,12.5
2019-07-23,30.9,24.0,27.3,0.2,0.2,15.3
2019-07-24,31.6,24.1,27.7,0.0,0.0,13.0
2019-07-25,31.7,22.9,27.3,0.1,0.1,17.0
2019-07-26,30.8,23.8,27.2,0.0,0.0,19.7
2019-07-27,32.0,24.0,27.4,0.9,0.9,15.7
2019-07-28,31.4,24.2,27.6,0.4,0.4,14.6
2019-07-29,30.3,23.7,27.3,1.7,1.7,11.2
2019-07-30,31.5,23.7,27.3,0.3,0.3,15.8
2019-07-31,32.0,23.5,27.7,0.0,0.0,17.3
2019-08-01,31.5,24.4,27.5,0.3,0.3,15.5
2019-08-02,32.2,23.6,27.8,0.0,0.0,12.2
2019-08-03,31.4,24.1,27.6,0.6,0.6,12.0
2019-08-04,31.1,24.4,27.6,1.4,1.4,15.6
2019-08-05,31.6,23.1,26.8,0.2,0.2,15.5
2019-08-06,30.7,22.5,26.3,0.1,0.1,20.6
2019-08-07,30.6,23.4,26.4,0.1,0.1,17.3
2019-08-08,31.5,21.9,26.7,0.0,0.0,16.5
2019-08-09,30.5,23.7,26.9,1.1,1.1,18.8
2019-08-10,31.0,23.1,26.7,0.5,0.5,13.2
2019-08-11,30.6,22.7,26.8,1.0,1.0,10.5
2019-08-12,31.4,22.9,27.0,0.2,0.2,11.6
2019-08-13,31.8,23.3,27.4,0.1,0.1,16.7
2019-08-14,30.3,23.3,27.0,1.2,1.2,11.1
2019-08-15,30.9,23.4,27.3,1.3,1.3,8.0
2019-08-16,30.5,23.9,27.3,1.4,1.4,8.7
2019-08-17,31.0,24.6,27.2,2.0,2.0,8.8
2019-08-18,30.9,23.7,27.2,0.0,0.0,20.9
2019-08-19,31.8,21.8,27.1,0.0,0.0,16.2
2019-08-20,31.2,23.3,27.3,0.0,0.0,17.9
2019-08-21,31.6,24.1,27.6,0.4,0.4,19.7
2019-08-22,31.2,23.3,27.3,1.5,1.5,12.5
2019-08-23,30.5,23.7,27.0,2.1,2.1,9.7
2019-08-24,30.6,24.1,27.1,1.5,1.5,16.2
2019-08-25,31.4,23.0,27.1,0.0,0.0,18.4
2019-08-26,31.4,23.2,27.4,0.9,0.9,16.5
2019-08-27,31.4,24.4,27.3,1.5,1.5,10.5
2019-08-28,29.2,24.0,26.1,3.3,3.3,11.8
2019-08-29,30.6,23.7,26.6,4.5,4.5,12.8
2019-08-30,31.4,23.0,26.8,0.0,0.0,12.2
2019-08-31,31.3,23.1,26.9,0.0,0.0,17.0
2019-09-01,32.3,23.0,27.3,0.1,0.1,14.8
2019-09-02,31.8,23.6,27.5,0.4,0.4,12.1
2019-09-03,31.4,24.3,27.6,1.2,1.2,11.0
2019-09-04,31.4,24.0,27.5,0.1,0.1,13.6
2019-09-05,30.5,24.0,26.9,0.8,0.8,16.9
2019-09-06,30.4,23.0,26.5,2.1,2.1,13.0
2019-09-07,30.1,23.0,26.8,1.1,1.1,12.1
2019-09-08,31.5,22.8,27.1,0.3,0.3,12.4
2019-09-09,32.2,23.6,27.8,0.0,0.0,16.8
2019-09-10,32.6,24.4,28.0,0.3,0.3,11.3
2019-09-11,33.2,23.0,27.9,0.0,0.0,16.8
2019-09-12,32.1,22.0,27.4,0.0,0.0,13.0
2019-09-13,31.1,23.4,26.8,0.9,0.9,15.3
2019-09-14,31.0,21.6,26.1,0.0,0.0,23.5
2019-09-15,30.5,20.6,25.9,0.5,0.5,14.3
2019-09-16,30.9,22.8,26.7,3.9,3.9,13.8
2019-09-17,31.3,22.9,27.2,0.7,0.7,15.1
2019-09-18,32.5,24.2,28.0,0.1,0.1,12.5
2019-09-19,30.9,24.8,27.7,1.8,1.8,16.5
2019-09-20,31.2,23.9,27.5,1.2,1.2,12.8
2019-09-21,31.9,23.7,27.8,0.0,0.0,18.5
2019-09-22,32.5,24.0,27.7,0.1,0.1,16.0
2019-09-23,31.2,24.3,27.5,1.1,1.1,20.7
2019-09-24,32.2,24.4,28.2,0.0,0.0,15.5
2019-09-25,32.5,23.8,28.3,0.0,0.0,13.0
2019-09-26,32.9,25.0,28.6,0.5,0.5,10.1
2019-09-27,32.2,24.4,28.1,0.8,0.8,11.7
2019-09-28,32.4,25.1,28.1,2.3,2.3,8.9
2019-09-29,32.5,24.8,28.2,0.4,0.4,12.1
2019-09-30,32.9,24.1,27.5,2.0,2.0,12.1
2019-10-01,32.4,22.3,27.3,0.0,0.0,17.5
2019-10-02,31.9,23.5,27.5,0.2,0.2,13.8
2019-10-03,31.7,24.5,27.9,1.3,1.3,10.0
2019-10-04,32.5,24.2,28.2,0.3,0.3,10.8
2019-10-05,32.7,24.4,28.4,0.2,0.2,12.0
2019-10-06,33.1,24.8,28.9,0.4,0.4,17.4
2019-10-07,32.0,25.3,28.4,0.6,0.6,14.8
2019-10-08,33.2,24.9,28.8,0.2,0.2,19.0
2019-10-09,31.8,25.0,28.2,0.5,0.5,12.9
2019-10-10,32.6,24.9,28.2,2.5,2.5,10.5
2019-10-11,32.9,24.3,28.1,4.3,4.3,9.0
2019-10-12,31.7,24.3,27.9,1.6,1.6,9.7
2019-10-13,32.4,22.8,27.9,0.3,0.3,12.3
2019-10-14,32.1,25.0,28.1,1.4,1.4,13.0
2019-10-15,33.4,25.0,28.6,0.4,0.4,13.1
2019-10-16,32.1,25.2,28.2,1.4,1.4,12.9
2019-10-17,31.6,25.0,28.4,2.3,2.3,15.0
2019-10-18,30.6,24.9,27.6,3.6,3.6,12.7
2019-10-19,32.1,25.0,28.3,1.0,1.0,13.4
2019-10-20,32.8,24.7,28.8,0.5,0.5,11.2
2019-10-21,34.3,24.7,29.2,0.0,0.0,19.5
2019-10-22,34.2,24.0,29.6,0.0,0.0,13.5
2019-10-23,34.6,25.6,29.5,0.0,0.0,12.3
2019-10-24,33.9,25.3,29.1,0.0,0.0,12.9
2019-10-25,33.4,24.7,28.9,0.2,0.2,15.5
2019-10-26,33.1,24.8,29.1,0.0,0.0,15.6
2019-10-27,31.6,25.2,27.9,1.4,1.4,12.8
2019-10-28,31.3,25.1,28.0,1.8,1.8,11.2
2019-10-29,31.5,23.6,27.5,3.3,3.3,9.0
2019-10-30,32.2,23.9,28.0,0.2,0.2,13.8
2019-10-31,32.2,24.4,28.1,1.0,1.0,14.8
2019-11-01,34.3,22.8,28.3,0.4,0.4,16.2
2019-11-02,33.5,23.1,28.4,1.1,1.1,11.1
2019-11-03,32.6,24.6,28.5,0.5,0.5,14.3
2019-11-04,32.3,25.5,28.7,1.3,1.3,10.2
2019-11-05,31.9,26.3,28.6,0.6,0.6,13.3
2019-11-06,33.1,24.3,28.5,0.0,0.0,21.0
2019-11-07,33.2,22.2,27.6,0.0,0.0,21.7
2019-11-08,32.3,22.6,27.3,0.0,0.0,22.6
2019-11-09,33.9,23.1,28.1,0.3,0.3,20.2
2019-11-10,34.0,24.0,28.9,0.0,0.0,17.8
2019-11-11,33.7,24.2,29.1,0.2,0.2,16.3
2019-11-12,32.8,25.6,28.8,2.9,2.9,13.4
2019-11-13,32.4,24.9,27.6,6.3,6.3,11.5
2019-11-14,27.7,24.3,25.5,30.6,30.6,19.3
2019-11-15,32.3,24.2,27.8,0.2,0.2,12.3
2019-11-16,32.7,24.2,28.5,0.0,0.0,12.8
2019-11-17,32.4,25.0,28.6,0.5,0.5,12.1
2019-11-18,33.4,24.8,28.9,0.3,0.3,13.3
2019-11-19,32.0,25.3,28.2,0.9,0.9,17.1
2019-11-20,32.2,24.8,28.2,3.7,3.7,12.2
2019-11-21,30.8,24.5,27.3,2.5,2.5,10.7
2019-11-22,30.9,24.4,27.6,1.9,1.9,7.9
2019-11-23,32.3,25.1,28.2,0.9,0.9,11.5
2019-11-24,32.1,24.7,28.3,1.6,1.6,11.7
2019-11-25,32.2,25.0,28.0,2.9,2.9,11.0
2019-11-26,31.1,24.7,27.9,2.1,2.1,12.0
2019-11-27,31.9,24.0,27.9,7.7,7.7,11.1
2019-11-28,32.0,25.0,28.7,0.7,0.7,11.0
2019-11-29,32.4,25.4,28.6,1.7,1.7,8.6
2019-11-30,30.9,25.3,27.4,5.1,5.1,9.6
2019-12-01,31.8,25.0,28.0,1.1,1.1,10.3
2019-12-02,33.0,25.1,28.4,3.0,3.0,12.3
2019-12-03,31.1,25.2,27.9,0.4,0.4,17.1
2019-12-04,32.0,25.4,28.4,1.2,1.2,13.8
2019-12-05,32.0,24.5,27.7,5.5,5.5,14.8
2019-12-06,31.2,24.6,27.5,11.0,11.0,11.2
2019-12-07,30.2,23.7,26.3,26.2,26.2,11.5
2019-12-08,30.4,24.7,27.2,1.2,1.2,8.3
2019-12-09,30.5,24.8,27.4,0.9,0.9,9.9
2019-12-10,28.2,24.4,26.1,29.2,29.2,10.2
2019-12-11,30.7,23.7,27.0,0.5,0.5,10.2
2019-12-12,28.3,24.3,26.1,6.4,6.4,11.6
2019-12-13,30.5,24.4,27.1,1.1,1.1,7.9
2019-12-14,30.9,24.2,27.4,1.6,1.6,9.5
2019-12-15,29.4,24.8,27.0,2.3,2.3,12.8
2019-12-16,29.2,24.4,26.5,4.5,4.5,13.3
2019-12-17,29.3,23.8,25.9,16.8,16.8,19.1
2019-12-18,30.2,23.8,26.5,2.6,2.6,15.3
2019-12-19,29.6,24.4,26.5,2.7,2.7,13.0
2019-12-20,30.5,23.9,27.5,0.4,0.4,8.7
2019-12-21,30.7,24.6,27.4,4.0,4.0,7.9
2019-12-22,29.9,24.7,26.8,2.5,2.5,15.5
2019-12-23,29.5,25.1,27.0,0.5,0.5,19.5
2019-12-24,31.0,24.2,27.6,4.0,4.0,8.9
2019-12-25,28.2,24.9,26.0,12.4,12.4,13.0
2019-12-26,29.7,24.9,26.7,4.8,4.8,11.2
2019-12-27,29.3,24.0,26.2,11.4,11.4,13.7
2019-12-28,28.9,24.1,26.4,7.3,7.3,6.8
2019-12-29,29.2,24.4,26.4,12.7,12.7,8.8
2019-12-30,30.4,24.8,27.3,12.0,12.0,13.8
2019-12-31,29.4,24.5,26.5,25.0,25.0,11.2
2020-01-01,28.6,24.4,26.0,140.8,140.8,18.3
2020-01-02,30.3,24.6,26.9,8.2,8.2,13.8
2020-01-03,29.9,24.6,26.8,13.0,13.0,13.9
2020-01-04,30.0,24.3,26.7,9.7,9.7,17.7
2020-01-05,27.9,24.2,25.9,12.2,12.2,15.5
2020-01-06,29.5,24.2,26.4,12.6,12.6,17.9
2020-01-07,27.7,24.4,25.7,9.8,9.8,20.2
2020-01-08,29.8,24.6,26.5,15.0,15.0,13.2
2020-01-09,28.8,24.3,26.0,13.7,13.7,16.6
2020-01-10,26.5,24.1,24.9,39.3,39.3,21.7
2020-01-11,28.1,24.4,25.8,5.8,5.8,24.4
2020-01-12,29.6,24.6,26.9,3.9,3.9,17.6
2020-01-13,29.3,24.2,26.4,6.2,6.2,16.9
2020-01-14,30.3,24.3,26.8,5.4,5.4,13.8
2020-01-15,29.6,24.6,26.2,23.6,23.6,7.4
2020-01-16,29.2,24.0,26.8,2.3,2.3,10.0
2020-01-17,29.6,23.8,26.6,4.4,4.4,9.7
2020-01-18,26.7,24.3,25.5,13.7,13.7,8.4
2020-01-19,29.9,24.2,27.2,4.0,4.0,9.6
2020-01-20,30.1,23.7,26.8,16.6,16.6,9.3
2020-01-21,30.0,24.4,26.8,6.1,6.1,12.2
2020-01-22,29.5,24.9,26.9,12.9,12.9,8.4
2020-01-23,30.4,25.1,27.4,6.6,6.6,10.1
2020-01-24,28.8,25.0,26.6,20.1,20.1,9.5
2020-01-25,26.2,24.5,25.1,155.0,155.0,10.8
2020-01-26,29.5,24.0,26.2,13.2,13.2,8.2
2020-01-27,29.0,23.7,26.2,14.0,14.0,9.8
2020-01-28,28.1,24.7,26.7,15.5,15.5,11.9
2020-01-29,29.8,24.9,26.5,37.2,37.2,15.4
2020-01-30,30.0,24.0,27.0,2.6,2.6,9.2
2020-01-31,29.1,24.9,27.2,12.9,12.9,14.6
2020-02-01,29.4,24.6,26.6,10.7,10.7,13.3
2020-02-02,29.0,24.2,26.5,4.2,4.2,14.5
2020-02-03,28.8,24.7,26.3,14.2,14.2,12.5
2020-02-04,28.5,24.4,26.2,8.5,8.5,12.0
2020-02-05,29.9,24.3,27.1,1.8,1.8,9.7
2020-02-06,27.7,24.6,25.9,5.3,5.3,14.6
2020-02-07,29.0,24.8,26.2,15.9,15.9,10.4
2020-02-08,30.1,24.5,26.4,13.5,13.5,14.3
2020-02-09,29.0,24.5,26.0,3.0,3.0,20.8
2020-02-10,30.7,24.1,27.0,1.3,1.3,15.6
2020-02-11,29.5,24.7,26.9,2.7,2.7,11.7
2020-02-12,30.4,24.5,26.7,14.1,14.1,8.6
2020-02-13,28.4,23.8,25.9,13.2,13.2,9.0
2020-02-14,28.7,24.6,26.3,13.7,13.7,7.7
2020-02-15,29.5,24.9,26.7,7.1,7.1,10.7
2020-02-16,27.0,24.2,25.4,15.4,15.4,18.1
2020-02-17,28.0,24.4,25.5,26.6,26.6,16.4
2020-02-18,28.7,24.2,25.9,4.8,4.8,13.5
2020-02-19,28.1,23.5,25.6,12.5,12.5,15.1
2020-02-20,29.0,24.1,25.9,10.3,10.3,17.7
2020-02-21,30.0,24.0,27.0,6.2,6.2,14.5
2020-02-22,30.0,24.6,27.2,4.8,4.8,14.4
2020-02-23,30.0,25.1,26.9,8.4,8.4,17.7
2020-02-24,30.0,25.0,26.9,23.6,23.6,17.7
2020-02-25,28.4,24.8,26.4,8.9,8.9,13.0
2020-02-26,29.6,24.3,26.8,8.5,8.5,12.4
2020-02-27,29.4,24.8,26.9,21.2,21.2,11.1
2020-02-28,29.5,24.5,26.5,12.7,12.7,12.6
2020-02-29,29.9,25.2,27.0,11.2,11.2,11.8
2020-03-01,30.1,25.1,26.9,9.3,9.3,12.0
2020-03-02,30.4,24.9,27.3,4.3,4.3,12.7
2020-03-03,30.1,24.9,27.2,3.8,3.8,10.0
2020-03-04,28.2,24.6,26.0,22.9,22.9,21.7
2020-03-05,28.6,24.5,26.2,16.7,16.7,12.9
2020-03-06,30.9,24.2,27.4,0.2,0.2,13.2
2020-03-07,28.6,24.3,26.2,5.4,5.4,15.5
2020-03-08,29.7,24.2,26.6,2.2,2.2,15.0
2020-03-09,29.4,24.9,26.7,1.9,1.9,24.4
2020-03-10,30.7,25.5,27.5,1.0,1.0,15.9
2020-03-11,29.7,24.8,26.9,13.9,13.9,11.6
2020-03-12,28.8,24.6,26.0,21.9,21.9,11.6
2020-03-13,29.8,23.9,26.9,12.3,12.3,9.5
2020-03-14,29.6,24.8,27.4,3.6,3.6,8.7
2020-03-15,30.2,24.5,27.1,7.2,7.2,11.7
2020-03-16,28.5,23.9,26.1,3.9,3.9,9.7
2020-03-17,29.5,24.0,26.7,5.8,5.8,9.8
2020-03-18,26.0,23.9,25.1,70.6,70.6,11.2
2020-03-19,28.7,24.2,26.1,26.0,26.0,8.8
2020-03-20,27.3,24.3,25.5,24.2,24.2,9.2
2020-03-21,28.6,24.2,26.6,1.2,1.2,11.4
2020-03-22,27.1,23.2,24.8,32.0,32.0,10.0
2020-03-23,29.4,24.3,26.4,1.1,1.1,11.6
2020-03-24,29.4,24.6,26.6,10.1,10.1,9.4
2020-03-25,29.7,24.1,26.8,3.4,3.4,8.8
2020-03-26,28.4,25.1,26.8,8.6,8.6,9.7
2020-03-27,29.0,24.0,26.3,11.5,11.5,10.2
2020-03-28,29.3,24.2,26.8,3.1,3.1,9.7
2020-03-29,30.2,23.9,27.1,0.4,0.4,13.7
2020-03-30,29.5,24.3,26.6,8.2,8.2,10.4
2020-03-31,30.1,24.8,26.8,2.6,2.6,17.6
2020-04-01,29.5,25.1,26.8,1.7,1.7,16.2
2020-04-02,28.4,25.1,26.5,6.4,6.4,17.5
2020-04-03,29.8,25.3,27.0,7.4,7.4,12.2
2020-04-04,29.4,24.8,26.9,7.3,7.3,7.9
2020-04-05,28.2,24.9,26.6,11.7,11.7,11.4
2020-04-06,29.2,24.6,26.3,6.1,6.1,17.0
2020-04-07,27.7,24.4,26.3,6.5,6.5,19.2
2020-04-08,28.5,25.3,27.0,2.9,2.9,14.2
2020-04-09,29.2,25.0,27.0,8.5,8.5,8.4
2020-04-10,29.9,24.5,26.8,7.8,7.8,10.0
2020-04-11,30.7,24.9,27.4,7.7,7.7,8.3
2020-04-12,30.1,24.2,27.1,3.4,3.4,9.0
2020-04-13,29.0,24.6,26.6,5.9,5.9,12.4
2020-04-14,28.8,24.2,26.7,5.0,5.0,12.3
2020-04-15,28.4,24.4,26.4,8.8,8.8,11.9
2020-04-16,28.8,24.4,26.8,9.0,9.0,8.4
2020-04-17,29.8,24.6,27.1,8.9,8.9,6.5
2020-04-18,29.9,23.9,26.8,2.7,2.7,11.2
2020-04-19,30.3,24.0,27.3,0.0,0.0,9.7
2020-04-20,30.1,24.7,27.5,0.2,0.2,13.8
2020-04-21,29.6,24.8,27.4,4.3,4.3,12.4
2020-04-22,30.8,25.5,27.8,1.2,1.2,12.8
2020-04-23,29.8,24.9,27.4,3.5,3.5,15.2
2020-04-24,28.2,24.6,26.1,7.2,7.2,16.3
2020-04-25,29.9,24.3,26.9,0.5,0.5,10.5
2020-04-26,29.1,24.8,26.6,5.4,5.4,11.4
2020-04-27,27.6,23.7,25.6,10.1,10.1,10.7
2020-04-28,28.6,24.5,26.3,3.1,3.1,8.3
2020-04-29,28.9,24.6,26.5,7.9,7.9,7.7
2020-04-30,28.3,25.0,26.5,5.2,5.2,7.8
2020-05-01,29.0,24.8,26.4,18.1,18.1,9.1
2020-05-02,27.7,24.7,25.8,11.4,11.4,9.0
2020-05-03,28.8,23.9,26.6,5.8,5.8,13.3
2020-05-04,28.1,24.7,26.2,6.0,6.0,12.2
2020-05-05,29.0,24.6,26.6,14.6,14.6,13.0
2020-05-06,29.3,24.2,26.4,8.7,8.7,9.0
2020-05-07,30.4,24.2,27.4,0.1,0.1,13.0
2020-05-08,30.6,24.5,27.3,2.4,2.4,14.2
2020-05-09,29.1,24.7,26.4,6.4,6.4,7.4
2020-05-10,30.4,24.7,26.8,14.7,14.7,7.6
2020-05-11,30.7,24.3,27.0,0.3,0.3,11.9
2020-05-12,30.3,24.6,27.5,1.1,1.1,10.3
2020-05-13,28.2,24.2,26.6,6.7,6.7,9.0
2020-05-14,30.1,24.9,27.4,1.0,1.0,13.9
2020-05-15,30.3,24.6,27.6,0.2,0.2,15.1
2020-05-16,30.6,24.7,27.7,0.0,0.0,12.3
2020-05-17,28.8,25.5,27.2,2.3,2.3,7.2
2020-05-18,27.3,24.6,25.9,46.7,46.7,7.8
2020-05-19,29.6,24.1,26.7,2.3,2.3,6.3
2020-05-20,29.9,24.7,26.6,10.4,10.4,11.8
2020-05-21,30.6,24.4,27.0,0.1,0.1,9.7
2020-05-22,30.0,24.8,27.2,2.8,2.8,12.4
2020-05-23,29.8,25.2,27.2,0.5,0.5,7.9
2020-05-24,31.2,24.0,27.6,0.0,0.0,14.9
2020-05-25,30.2,24.6,27.4,1.7,1.7,16.4
2020-05-26,30.1,24.1,26.9,0.8,0.8,14.2
2020-05-27,29.3,24.7,26.9,6.5,6.5,12.7
2020-05-28,29.5,24.1,27.0,5.5,5.5,9.4
2020-05-29,30.0,24.1,27.0,2.8,2.8,11.4
2020-05-30,29.9,24.7,26.9,2.6,2.6,9.2
2020-05-31,29.1,23.8,26.6,2.9,2.9,12.2
2020-06-01,30.1,24.8,26.8,9.7,9.7,11.3
2020-06-02,29.4,24.0,26.3,10.6,10.6,11.3
2020-06-03,29.4,24.1,26.1,2.9,2.9,17.8
2020-06-04,30.3,24.1,27.0,0.1,0.1,15.6
2020-06-05,29.4,25.1,26.8,0.5,0.5,14.1
2020-06-06,30.2,23.4,26.9,0.6,0.6,7.5
2020-06-07,29.4,24.2,26.7,2.0,2.0,11.7
2020-06-08,28.7,23.9,26.3,3.9,3.9,14.0
2020-06-09,28.7,24.1,26.3,2.9,2.9,8.6
2020-06-10,29.4,24.5,26.8,3.6,3.6,15.8
2020-06-11,29.5,24.0,26.4,8.1,8.1,11.5
2020-06-12,29.7,23.2,26.4,5.5,5.5,13.1
2020-06-13,29.4,24.0,26.6,1.6,1.6,8.6
2020-06-14,30.3,23.8,27.1,0.2,0.2,14.2
2020-06-15,29.5,24.5,26.4,5.0,5.0,9.7
2020-06-16,29.4,24.8,26.4,8.4,8.4,21.4
2020-06-17,30.0,23.9,26.8,1.0,1.0,10.0
2020-06-18,29.7,24.1,26.5,7.2,7.2,9.0
2020-06-19,28.6,23.6,25.9,9.0,9.0,8.3
2020-06-20,30.3,23.6,26.9,0.6,0.6,7.1
2020-06-21,29.5,23.8,26.6,1.1,1.1,9.5
2020-06-22,28.5,23.9,25.9,8.9,8.9,10.7
2020-06-23,28.5,23.8,25.7,7.4,7.4,11.5
2020-06-24,29.4,23.2,26.3,1.4,1.4,9.1
2020-06-25,29.6,23.6,26.4,0.0,0.0,13.2
2020-06-26,29.5,23.9,26.5,0.1,0.1,9.7
2020-06-27,28.9,23.9,26.1,4.4,4.4,13.5
2020-06-28,29.4,23.0,26.5,1.1,1.1,12.9
2020-06-29,30.5,24.0,26.8,1.7,1.7,10.9
2020-06-30,30.2,24.2,27.4,1.1,1.1,8.7
2020-07-01,30.3,24.3,27.2,1.9,1.9,8.3
2020-07-02,26.7,23.9,25.2,21.1,21.1,7.9
2020-07-03,29.4,22.9,26.1,1.3,1.3,11.0
2020-07-04,28.6,24.2,26.3,1.6,1.6,15.3
2020-07-05,29.0,23.8,26.4,0.2,0.2,19.7
2020-07-06,29.4,23.9,26.3,5.4,5.4,14.8
2020-07-07,29.7,23.5,26.4,0.3,0.3,13.0
2020-07-08,29.8,23.8,26.7,0.8,0.8,10.4
2020-07-09,29.9,24.4,27.1,2.0,2.0,8.4
2020-07-10,29.7,23.5,26.7,0.5,0.5,8.7
2020-07-11,29.5,23.8,26.7,1.2,1.2,13.9
2020-07-12,30.4,23.9,27.0,0.6,0.6,7.4
2020-07-13,29.7,24.2,26.8,2.1,2.1,15.1
2020-07-14,29.2,24.1,26.5,6.7,6.7,13.2
2020-07-15,29.5,23.0,26.0,13.0,13.0,19.1
2020-07-16,29.1,24.8,26.8,4.0,4.0,21.3
2020-07-17,30.0,24.6,27.0,1.0,1.0,8.5
2020-07-18,29.9,23.8,26.8,0.2,0.2,10.4
2020-07-19,30.3,24.3,27.1,0.4,0.4,11.3
2020-07-20,30.0,24.7,27.0,3.4,3.4,8.8
2020-07-21,30.0,24.1,26.4,7.0,7.0,9.2
2020-07-22,29.7,23.9,26.3,2.8,2.8,8.9
2020-07-23,30.1,23.8,26.8,1.2,1.2,8.0
2020-07-24,30.5,23.9,26.7,1.2,1.2,7.1
2020-07-25,30.9,23.6,27.2,0.5,0.5,7.2
2020-07-26,29.7,23.4,26.4,0.6,0.6,15.0
2020-07-27,30.8,23.2,26.6,0.0,0.0,8.7
2020-07-28,30.2,22.5,26.5,0.0,0.0,13.7
2020-07-29,30.9,22.7,26.8,0.0,0.0,16.2
2020-07-30,29.9,23.2,26.7,0.9,0.9,15.6
2020-07-31,29.5,22.6,26.3,0.0,0.0,16.1
2020-08-01,31.0,22.0,26.4,0.0,0.0,11.1
2020-08-02,31.6,22.2,26.8,0.0,0.0,13.1
2020-08-03,31.5,23.8,27.3,1.3,1.3,13.9
2020-08-04,29.1,24.4,26.6,3.0,3.0,7.6
2020-08-05,31.4,24.1,27.2,2.3,2.3,11.1
2020-08-06,31.1,24.6,27.7,1.2,1.2,14.8
2020-08-07,32.1,24.2,27.9,1.0,1.0,11.0
2020-08-08,30.4,24.5,27.3,0.8,0.8,8.0
2020-08-09,31.6,23.9,27.5,0.6,0.6,10.1
2020-08-10,31.1,24.7,27.5,3.6,3.6,13.5
2020-08-11,30.1,24.3,26.9,0.4,0.4,11.5
2020-08-12,31.9,25.2,27.5,2.0,2.0,17.4
2020-08-13,29.3,24.3,26.5,3.7,3.7,8.7
2020-08-14,30.7,23.8,26.9,0.5,0.5,11.4
2020-08-15,30.0,24.0,26.8,3.9,3.9,18.0
2020-08-16,31.3,23.9,26.8,7.0,7.0,12.8
2020-08-17,30.7,23.0,26.6,2.3,2.3,14.2
2020-08-18,30.1,23.6,26.8,1.0,1.0,9.2
2020-08-19,31.3,23.8,27.4,1.0,1.0,15.6
2020-08-20,30.3,23.9,27.2,3.4,3.4,22.4
2020-08-21,30.3,24.1,27.1,1.2,1.2,22.7
2020-08-22,31.9,21.6,27.1,0.2,0.2,16.3
2020-08-23,33.5,26.1,29.0,0.0,0.0,12.4
2020-08-24,32.2,24.7,27.8,1.4,1.4,17.0
2020-08-25,32.5,22.7,27.6,0.0,0.0,23.0
2020-08-26,33.1,23.5,28.1,0.0,0.0,16.8
2020-08-27,32.7,23.6,28.0,0.0,0.0,13.7
2020-08-28,33.0,23.4,28.2,0.0,0.0,12.4
2020-08-29,31.6,24.6,28.2,0.5,0.5,15.9
2020-08-30,32.4,24.8,28.4,2.3,2.3,18.8
2020-08-31,31.9,25.0,28.4,0.9,0.9,11.9
2020-09-01,33.4,23.8,28.7,0.0,0.0,18.1
2020-09-02,32.2,25.5,28.5,0.1,0.1,9.7
2020-09-03,31.6,24.9,27.7,1.5,1.5,11.4
2020-09-04,30.6,24.1,27.3,2.8,2.8,10.7
2020-09-05,31.6,24.6,27.6,0.9,0.9,11.5
2020-09-06,32.8,24.2,28.1,0.4,0.4,9.7
2020-09-07,32.4,24.6,28.3,0.7,0.7,13.2
2020-09-08,32.5,24.9,28.3,0.6,0.6,15.4
2020-09-09,32.1,25.4,28.5,0.4,0.4,16.4
2020-09-10,30.5,25.0,27.3,0.7,0.7,12.1
2020-09-11,33.1,24.0,27.8,0.8,0.8,9.8
2020-09-12,32.2,24.0,27.9,1.8,1.8,14.3
2020-09-13,31.9,24.3,27.8,3.4,3.4,11.4
2020-09-14,30.6,24.8,27.4,2.1,2.1,10.8
2020-09-15,30.7,24.4,26.8,7.5,7.5,11.3
2020-09-16,30.6,23.6,26.6,1.4,1.4,15.0
2020-09-17,31.0,23.0,26.9,0.8,0.8,12.0
2020-09-18,32.3,23.3,27.7,0.0,0.0,14.5
2020-09-19,33.3,24.7,28.7,0.4,0.4,16.6
2020-09-20,28.2,24.0,26.1,20.8,20.8,22.0
2020-09-21,31.4,23.4,27.0,1.1,1.1,14.3
2020-09-22,32.2,23.6,26.8,3.2,3.2,12.3
2020-09-23,32.4,23.0,27.8,0.0,0.0,11.9
2020-09-24,32.3,24.5,28.3,0.3,0.3,13.8
2020-09-25,33.1,24.9,28.7,0.7,0.7,8.4
2020-09-26,31.5,24.8,27.9,2.4,2.4,11.4
2020-09-27,31.1,24.2,27.2,1.8,1.8,11.4
2020-09-28,33.4,23.3,27.8,2.9,2.9,13.2
2020-09-29,32.6,23.4,27.9,1.4,1.4,11.1
2020-09-30,32.7,24.6,28.7,1.1,1.1,18.4
2020-10-01,32.4,25.2,28.1,5.9,5.9,14.8
2020-10-02,32.4,24.8,27.9,1.1,1.1,14.6
2020-10-03,27.2,24.0,25.3,25.7,25.7,13.9
2020-10-04,32.4,23.1,27.7,3.0,3.0,13.0
2020-10-05,32.4,23.5,27.8,1.9,1.9,10.9
2020-10-06,32.4,23.8,28.2,1.8,1.8,9.4
2020-10-07,31.7,24.2,27.8,2.6,2.6,13.2
2020-10-08,31.9,24.5,28.1,4.0,4.0,13.0
2020-10-09,30.0,24.3,26.8,2.6,2.6,12.6
2020-10-10,32.5,24.2,27.8,1.5,1.5,8.4
2020-10-11,31.6,24.5,27.3,1.3,1.3,14.5
2020-10-12,32.5,24.1,27.9,0.6,0.6,8.1
2020-10-13,32.9,24.9,28.9,1.3,1.3,10.4
2020-10-14,33.6,25.1,29.0,0.5,0.5,9.7
2020-10-15,33.8,24.1,28.7,0.2,0.2,13.1
2020-10-16,35.5,24.8,28.9,0.7,0.7,17.4
2020-10-17,33.8,25.0,28.9,0.2,0.2,13.7
2020-10-18,33.1,25.1,28.7,0.8,0.8,13.4
2020-10-19,32.4,25.0,28.1,1.9,1.9,10.5
2020-10-20,30.7,24.8,27.4,5.0,5.0,11.8
2020-10-21,32.5,24.5,27.8,5.4,5.4,10.3
2020-10-22,31.0,25.1,27.7,1.3,1.3,17.4
2020-10-23,31.4,24.8,27.8,0.5,0.5,21.1
2020-10-24,32.1,24.6,27.7,8.4,8.4,15.3
2020-10-25,31.0,24.6,27.2,5.8,5.8,16.5
2020-10-26,31.3,24.0,26.4,13.9,13.9,19.6
2020-10-27,29.2,24.4,26.1,0.2,0.2,16.5
2020-10-28,31.6,23.3,27.2,1.3,1.3,11.5
2020-10-29,32.6,24.3,28.0,3.6,3.6,15.5
2020-10-30,31.0,24.4,27.0,8.5,8.5,13.2
2020-10-31,30.9,23.9,26.7,4.5,4.5,11.5
2020-11-01,29.0,23.8,26.3,2.9,2.9,23.0
2020-11-02,30.3,24.7,27.0,2.2,2.2,22.9
2020-11-03,32.2,23.8,27.6,0.9,0.9,18.4
2020-11-04,31.9,23.7,27.7,2.2,2.2,12.6
2020-11-05,26.6,24.5,25.3,10.7,10.7,9.0
2020-11-06,29.7,24.1,26.3,5.4,5.4,13.6
2020-11-07,30.7,23.4,27.0,1.5,1.5,12.1
2020-11-08,31.0,24.2,27.4,1.7,1.7,9.7
2020-11-09,32.5,24.1,28.1,0.2,0.2,8.4
2020-11-10,31.4,25.4,27.9,1.1,1.1,8.7
2020-11-11,32.5,24.7,28.6,1.3,1.3,10.2
2020-11-12,32.1,25.1,28.4,4.2,4.2,14.8
2020-11-13,32.2,25.4,28.6,4.6,4.6,15.6
2020-11-14,32.8,25.1,28.4,2.1,2.1,14.1
2020-11-15,31.6,24.4,28.0,3.8,3.8,16.4
2020-11-16,31.4,25.1,27.5,9.8,9.8,16.6
2020-11-17,30.0,24.1,27.0,11.7,11.7,7.2
2020-11-18,31.2,24.9,27.7,2.3,2.3,8.2
2020-11-19,32.4,24.8,28.0,2.0,2.0,10.3
2020-11-20,30.9,24.5,27.1,14.2,14.2,15.5
2020-11-21,30.5,24.4,27.5,2.7,2.7,17.4
2020-11-22,29.0,24.9,26.8,7.6,7.6,10.9
2020-11-23,27.8,25.1,26.0,6.1,6.1,16.5
2020-11-24,31.2,24.7,27.3,0.0,0.0,16.5
2020-11-25,31.5,24.9,27.3,1.2,1.2,20.7
2020-11-26,31.0,25.2,27.3,0.7,0.7,22.2
2020-11-27,31.0,24.5,27.2,0.4,0.4,20.5
2020-11-28,32.3,24.1,27.5,4.0,4.0,23.2
2020-11-29,29.4,24.2,25.4,34.2,34.2,21.4
2020-11-30,28.9,23.7,25.4,26.4,26.4,24.4
2020-12-01,29.8,24.2,26.5,1.5,1.5,22.0
2020-12-02,31.2,25.0,27.5,1.7,1.7,19.1
2020-12-03,27.7,24.3,25.8,13.4,13.4,13.1
2020-12-04,30.2,24.5,26.9,4.7,4.7,25.6
2020-12-05,26.2,24.5,25.3,20.6,20.6,28.7
2020-12-06,27.1,24.1,25.7,12.1,12.1,24.0
2020-12-07,25.9,24.0,24.9,29.1,29.1,24.7
2020-12-08,27.6,24.2,25.5,11.9,11.9,31.6
2020-12-09,28.3,23.9,25.7,10.9,10.9,30.7
2020-12-10,29.8,24.2,26.3,10.0,10.0,27.1
2020-12-11,29.4,24.4,25.9,27.0,27.0,21.3
2020-12-12,27.9,24.3,25.7,8.5,8.5,21.5
2020-12-13,27.2,23.9,25.3,12.6,12.6,19.1
2020-12-14,28.8,23.3,25.7,1.3,1.3,22.5
2020-12-15,30.1,23.6,26.1,13.2,13.2,19.7
2020-12-16,28.6,24.0,25.9,11.8,11.8,22.3
2020-12-17,29.2,24.1,25.9,3.9,3.9,24.3
2020-12-18,27.2,23.6,24.9,11.0,11.0,27.1
2020-12-19,27.8,24.0,25.5,4.2,4.2,22.3
2020-12-20,28.0,23.9,25.4,7.4,7.4,22.2
2020-12-21,27.0,23.9,25.0,15.5,15.5,20.5
2020-12-22,29.3,23.9,25.9,3.3,3.3,14.9
2020-12-23,30.1,23.4,26.6,0.1,0.1,17.7
2020-12-24,28.1,24.1,25.8,7.1,7.1,22.6
2020-12-25,29.7,23.7,26.2,1.0,1.0,18.7
2020-12-26,28.1,24.0,25.6,10.5,10.5,13.9
2020-12-27,29.1,23.8,26.4,4.8,4.8,10.2
2020-12-28,29.0,24.4,26.3,3.0,3.0,14.8
2020-12-29,28.0,24.4,25.6,3.8,3.8,24.2
2020-12-30,27.2,24.0,25.2,13.1,13.1,16.8
2020-12-31,27.9,23.6,25.4,14.1,14.1,15.1
2021-01-01,29.6,24.1,26.3,4.1,4.1,13.0
2021-01-02,29.9,24.1,26.7,1.4,1.4,11.2
2021-01-03,27.5,24.7,25.8,7.6,7.6,16.7
2021-01-04,29.9,24.5,26.5,2.3,2.3,18.4
2021-01-05,29.1,24.4,26.5,4.7,4.7,11.6
2021-01-06,28.7,24.3,25.7,29.0,29.0,11.8
2021-01-07,27.8,24.2,25.6,8.1,8.1,11.9
2021-01-08,28.3,24.3,26.1,4.8,4.8,11.5
2021-01-09,28.2,23.6,25.9,20.7,20.7,19.9
2021-01-10,28.4,24.2,26.1,5.8,5.8,16.1
2021-01-11,28.5,24.0,25.8,9.0,9.0,15.8
2021-01-12,27.3,24.2,25.6,10.5,10.5,17.1
2021-01-13,26.7,23.7,25.1,14.1,14.1,20.1
2021-01-14,28.3,24.0,26.0,0.8,0.8,13.3
2021-01-15,28.0,24.9,26.3,0.0,0.0,9.5
2021-01-16,29.8,23.7,26.8,0.0,0.0,18.4
2021-01-17,29.2,23.7,26.4,0.8,0.8,12.6
2021-01-18,27.9,23.9,25.6,27.1,27.1,18.8
2021-01-19,27.4,23.5,25.2,24.4,24.4,15.5
2021-01-20,28.9,24.4,26.1,6.0,6.0,17.9
2021-01-21,28.3,24.1,25.9,12.6,12.6,16.4
2021-01-22,29.3,24.1,26.4,1.8,1.8,11.2
2021-01-23,29.4,24.4,26.6,1.8,1.8,13.7
2021-01-24,25.9,24.2,24.9,15.4,15.4,14.8
2021-01-25,28.4,22.3,25.6,3.6,3.6,11.9
2021-01-26,27.7,23.8,25.1,15.1,15.1,16.2
2021-01-27,25.8,24.0,24.7,21.0,21.0,19.5
2021-01-28,26.1,23.7,24.8,20.3,20.3,13.6
2021-01-29,26.9,24.1,25.1,3.7,3.7,13.6
2021-01-30,28.6,23.7,25.4,14.9,14.9,16.2
2021-01-31,28.2,24.0,25.7,4.4,4.4,17.3
2021-02-01,29.6,23.1,26.1,2.8,2.8,13.7
2021-02-02,29.2,24.2,25.9,14.3,14.3,19.4
2021-02-03,27.4,24.0,25.1,13.0,13.0,14.3
2021-02-04,29.1,24.4,26.0,7.2,7.2,19.2
2021-02-05,29.6,24.2,26.2,3.2,3.2,19.8
2021-02-06,29.5,25.0,26.7,6.4,6.4,20.8
2021-02-07,28.0,24.6,26.1,25.5,25.5,22.1
2021-02-08,29.5,24.4,26.1,19.3,19.3,17.1
2021-02-09,29.3,24.4,26.4,4.6,4.6,14.8
2021-02-10,28.6,24.4,26.1,7.9,7.9,15.6
2021-02-11,28.4,24.2,26.1,2.4,2.4,18.4
2021-02-12,29.0,24.2,25.8,9.1,9.1,12.8
2021-02-13,28.7,23.8,26.0,4.7,4.7,12.1
2021-02-14,27.7,24.0,25.5,16.2,16.2,13.0
2021-02-15,27.6,23.7,25.5,9.2,9.2,13.2
2021-02-16,28.4,24.0,25.8,11.2,11.2,14.3
2021-02-17,26.8,24.0,25.4,17.8,17.8,9.1
2021-02-18,27.8,24.2,25.7,7.0,7.0,16.8
2021-02-19,27.5,24.1,25.2,8.7,8.7,22.5
2021-02-20,28.6,24.2,25.8,7.7,7.7,19.6
2021-02-21,29.1,24.4,26.2,1.3,1.3,12.6
2021-02-22,29.2,24.3,26.5,0.7,0.7,10.2
2021-02-23,29.5,24.5,26.8,2.2,2.2,18.7
2021-02-24,26.7,24.2,25.4,10.0,10.0,21.3
2021-02-25,29.2,24.0,26.1,8.5,8.5,17.4
2021-02-26,28.3,23.9,25.7,24.4,24.4,13.5
2021-02-27,28.5,23.4,25.9,4.8,4.8,8.9
2021-02-28,30.0,22.7,26.8,0.4,0.4,17.7
2021-03-01,30.5,24.5,27.3,2.9,2.9,14.5
2021-03-02,28.3,23.3,25.9,16.3,16.3,10.4
2021-03-03,28.7,23.9,26.1,0.7,0.7,11.0
2021-03-04,28.9,24.2,26.5,1.9,1.9,6.3
2021-03-05,29.4,24.6,26.5,15.3,15.3,11.9
2021-03-06,29.7,23.9,26.6,3.1,3.1,9.7
2021-03-07,28.0,24.4,25.7,3.1,3.1,15.1
2021-03-08,28.1,23.8,25.4,6.5,6.5,22.5
2021-03-09,29.1,23.2,26.1,1.4,1.4,10.0
2021-03-10,29.0,23.8,26.0,11.6,11.6,15.8
2021-03-11,28.6,23.9,25.8,5.6,5.6,11.9
2021-03-12,29.4,24.0,26.1,1.2,1.2,12.0
2021-03-13,30.2,25.1,27.0,1.0,1.0,13.8
2021-03-14,29.6,24.6,26.8,3.7,3.7,15.1
2021-03-15,29.1,23.6,26.5,3.0,3.0,9.8
2021-03-16,29.0,23.8,26.3,14.0,14.0,9.7
2021-03-17,30.1,23.4,26.8,1.9,1.9,9.0
2021-03-18,30.0,24.1,26.7,0.4,0.4,11.1
2021-03-19,30.2,24.4,27.1,0.4,0.4,11.3
2021-03-20,30.5,23.9,27.3,0.1,0.1,16.8
2021-03-21,30.0,25.2,27.3,0.4,0.4,17.2
2021-03-22,29.4,23.9,26.6,1.2,1.2,18.4
2021-03-23,29.7,24.7,26.7,1.0,1.0,16.6
2021-03-24,28.6,24.6,26.3,6.1,6.1,20.7
2021-03-25,30.9,25.1,27.6,0.0,0.0,17.0
2021-03-26,30.9,23.8,27.2,5.4,5.4,11.0
2021-03-27,30.4,24.0,26.5,8.5,8.5,9.2
2021-03-28,30.4,23.8,26.8,2.0,2.0,7.2
2021-03-29,28.9,24.3,26.5,2.1,2.1,11.6
2021-03-30,29.3,25.0,26.4,5.5,5.5,15.7
2021-03-31,28.7,24.4,26.1,2.9,2.9,24.4
2021-04-01,27.2,24.3,25.6,11.2,11.2,22.9
2021-04-02,29.8,23.8,26.4,10.4,10.4,9.8
2021-04-03,27.5,24.3,25.8,20.4,20.4,11.5
2021-04-04,28.2,24.1,26.0,15.6,15.6,10.8
2021-04-05,29.0,24.0,26.7,3.6,3.6,10.2
2021-04-06,30.1,24.7,27.3,5.6,5.6,18.4
2021-04-07,29.4,25.0,26.9,2.8,2.8,21.8
2021-04-08,30.6,25.8,27.9,0.9,0.9,18.1
2021-04-09,29.8,25.3,27.3,1.8,1.8,11.0
2021-04-10,29.0,24.4,26.6,4.1,4.1,9.3
2021-04-11,29.0,24.2,26.7,2.8,2.8,13.7
2021-04-12,30.4,23.8,27.2,0.5,0.5,11.0
2021-04-13,29.8,24.1,26.9,2.5,2.5,11.3
2021-04-14,29.4,23.7,26.6,1.1,1.1,9.9
2021-04-15,29.1,23.7,26.2,3.7,3.7,7.0
2021-04-16,29.4,23.5,26.5,2.6,2.6,10.9
2021-04-17,29.2,24.4,26.7,4.4,4.4,7.7
2021-04-18,29.5,24.0,26.6,3.3,3.3,7.9
2021-04-19,29.6,24.6,26.9,0.7,0.7,8.2
2021-04-20,29.1,23.5,26.3,1.2,1.2,8.0
2021-04-21,30.0,23.7,26.7,0.0,0.0,12.1
2021-04-22,30.2,23.0,26.9,0.6,0.6,8.4
2021-04-23,30.3,23.1,26.6,2.2,2.2,14.6
2021-04-24,30.3,23.0,26.5,1.0,1.0,8.0
2021-04-25,30.3,23.4,26.9,0.3,0.3,11.0
2021-04-26,30.5,23.7,27.0,1.1,1.1,15.5
2021-04-27,30.8,24.4,27.5,0.7,0.7,14.2
2021-04-28,29.6,24.1,26.6,3.5,3.5,10.6
2021-04-29,30.1,23.8,26.9,0.2,0.2,9.2
2021-04-30,29.5,24.3,26.8,1.8,1.8,14.0
2021-05-01,30.5,24.6,26.9,6.3,6.3,18.3
2021-05-02,30.0,24.5,26.8,4.9,4.9,15.0
2021-05-03,29.1,24.6,26.6,3.1,3.1,15.4
2021-05-04,29.8,25.0,27.1,1.1,1.1,9.6
2021-05-05,30.1,24.3,27.1,2.2,2.2,9.4
2021-05-06,28.9,24.2,26.3,1.9,1.9,8.0
2021-05-07,29.8,24.1,27.0,1.1,1.1,10.7
2021-05-08,30.0,24.3,26.7,8.0,8.0,10.0
2021-05-09,30.4,24.2,26.9,7.2,7.2,9.4
2021-05-10,30.2,24.8,27.4,0.9,0.9,12.5
2021-05-11,30.9,25.1,27.8,0.2,0.2,11.7
2021-05-12,31.0,25.0,28.1,1.3,1.3,12.2
2021-05-13,31.3,25.1,27.9,1.0,1.0,12.7
2021-05-14,30.9,24.4,27.5,3.2,3.2,14.0
2021-05-15,31.5,24.8,27.6,1.3,1.3,12.4
2021-05-16,31.4,24.4,27.8,0.2,0.2,10.9
2021-05-17,30.4,24.5,27.2,3.4,3.4,6.4
2021-05-18,29.6,24.3,26.5,4.8,4.8,7.4
2021-05-19,30.2,24.6,27.3,0.3,0.3,12.5
2021-05-20,30.0,24.7,27.1,4.0,4.0,14.1
2021-05-21,30.6,24.6,27.0,3.9,3.9,11.2
2021-05-22,30.0,23.8,26.6,3.6,3.6,8.6
2021-05-23,30.6,24.0,27.3,0.9,0.9,10.8
2021-05-24,31.2,24.4,27.3,7.3,7.3,7.2
2021-05-25,30.6,24.1,27.1,0.2,0.2,14.5
2021-05-26,31.0,24.7,28.0,0.9,0.9,20.8
2021-05-27,30.9,25.9,28.3,0.9,0.9,21.9
2021-05-28,31.3,24.8,28.0,2.8,2.8,14.2
2021-05-29,29.4,23.9,25.9,22.8,22.8,8.0
2021-05-30,30.6,24.1,27.1,0.2,0.2,10.1
2021-05-31,29.9,24.4,27.0,3.4,3.4,10.0
2021-06-01,30.1,23.8,26.8,3.4,3.4,13.2
2021-06-02,30.6,24.1,27.3,0.0,0.0,10.5
2021-06-03,30.5,24.4,27.5,1.2,1.2,13.4
2021-06-04,30.6,23.8,26.7,12.2,12.2,12.0
2021-06-05,30.5,24.1,27.0,1.4,1.4,10.1
2021-06-06,29.6,24.8,27.0,0.7,0.7,9.1
2021-06-07,30.9,23.2,27.1,1.4,1.4,7.1
2021-06-08,31.5,24.7,27.6,0.5,0.5,7.3
2021-06-09,29.8,24.2,26.8,0.7,0.7,8.7
2021-06-10,31.0,24.4,27.7,0.2,0.2,8.9
2021-06-11,29.9,24.6,26.9,2.8,2.8,8.2
2021-06-12,31.6,23.7,27.4,0.9,0.9,10.6
2021-06-13,30.2,24.5,26.9,4.6,4.6,10.5
2021-06-14,30.5,24.2,27.1,2.1,2.1,21.6
2021-06-15,29.0,24.8,26.5,3.0,3.0,11.7
2021-06-16,28.2,24.4,25.7,7.1,7.1,8.7
2021-06-17,27.5,23.9,25.8,1.7,1.7,9.7
2021-06-18,28.6,24.1,26.0,11.4,11.4,6.5
2021-06-19,28.4,23.6,25.6,5.2,5.2,10.1
2021-06-20,28.5,23.5,25.4,5.6,5.6,17.0
2021-06-21,28.5,23.7,25.8,0.3,0.3,19.7
2021-06-22,29.3,23.1,25.9,6.0,6.0,9.9
2021-06-23,29.0,23.0,25.6,8.1,8.1,11.1
2021-06-24,27.2,22.6,24.9,10.8,10.8,10.7
2021-06-25,30.0,23.7,26.5,1.3,1.3,11.9
2021-06-26,28.9,23.5,26.2,4.3,4.3,12.5
2021-06-27,29.9,23.5,26.2,1.2,1.2,9.6
2021-06-28,29.2,23.3,25.8,4.8,4.8,7.9
2021-06-29,28.6,23.7,26.0,1.7,1.7,10.9
2021-06-30,28.5,23.8,25.3,8.1,8.1,11.4
2021-07-01,28.1,23.7,25.2,17.4,17.4,12.1
2021-07-02,30.3,23.8,26.6,0.0,0.0,21.7
2021-07-03,30.6,23.6,26.7,0.0,0.0,12.0
2021-07-04,30.7,22.8,26.7,0.4,0.4,7.5
2021-07-05,30.6,22.9,26.8,0.3,0.3,8.7
2021-07-06,30.2,23.9,26.9,1.5,1.5,11.8
2021-07-07,29.6,24.0,27.0,0.8,0.8,8.7
2021-07-08,31.1,23.9,27.3,0.0,0.0,15.6
2021-07-09,30.7,24.6,27.6,0.6,0.6,12.7
2021-07-10,29.9,24.0,26.5,9.2,9.2,15.6
2021-07-11,28.2,24.6,26.3,7.3,7.3,21.3
2021-07-12,30.0,24.3,26.7,3.5,3.5,16.2
2021-07-13,29.5,22.2,25.3,3.9,3.9,20.6
2021-07-14,28.5,23.8,25.8,0.6,0.6,16.6
2021-07-15,30.1,21.5,26.0,0.0,0.0,11.1
2021-07-16,30.0,22.3,26.4,0.3,0.3,14.3
2021-07-17,30.0,24.3,26.9,1.0,1.0,11.0
2021-07-18,30.6,23.1,27.0,0.0,0.0,11.8
2021-07-19,30.9,23.5,27.1,1.0,1.0,10.2
2021-07-20,30.4,24.5,26.7,1.0,1.0,10.1
2021-07-21,30.6,23.8,26.4,4.0,4.0,14.2
2021-07-22,29.9,23.8,26.8,0.1,0.1,12.7
2021-07-23,28.6,23.9,26.1,7.8,7.8,7.4
2021-07-24,28.6,23.2,26.2,1.4,1.4,10.5
2021-07-25,31.1,23.0,26.8,0.0,0.0,11.4
2021-07-26,30.9,23.3,26.7,0.2,0.2,14.9
2021-07-27,32.4,22.4,26.9,0.0,0.0,11.6
2021-07-28,31.9,22.7,27.1,0.0,0.0,16.6
2021-07-29,31.7,22.8,27.3,0.0,0.0,11.5
2021-07-30,32.1,24.1,27.7,0.7,0.7,12.7
2021-07-31,31.0,24.9,27.7,0.7,0.7,10.0
2021-08-01,31.2,24.3,27.3,2.1,2.1,12.1
2021-08-02,29.1,24.0,26.4,5.4,5.4,8.8
2021-08-03,31.5,23.5,27.4,1.1,1.1,11.8
2021-08-04,31.5,24.4,27.7,1.5,1.5,9.4
2021-08-05,30.7,24.4,27.2,0.9,0.9,9.7
2021-08-06,31.3,24.3,27.7,0.6,0.6,19.2
2021-08-07,31.0,24.8,27.8,1.9,1.9,21.9
2021-08-08,30.9,24.1,27.7,1.7,1.7,17.4
2021-08-09,30.3,24.5,27.3,3.1,3.1,14.5
2021-08-10,29.5,23.6,26.4,33.7,33.7,15.0
2021-08-11,30.7,23.8,27.2,0.2,0.2,12.7
2021-08-12,31.4,23.5,27.3,0.1,0.1,8.7
2021-08-13,29.8,24.5,27.0,2.1,2.1,17.1
2021-08-14,30.9,24.4,27.4,0.8,0.8,12.2
2021-08-15,31.5,24.3,27.5,0.6,0.6,17.9
2021-08-16,31.6,24.9,27.7,0.1,0.1,15.9
2021-08-17,31.4,24.4,27.8,1.4,1.4,6.2
2021-08-18,31.1,24.6,27.6,0.4,0.4,9.4
2021-08-19,30.4,24.2,27.0,1.4,1.4,9.0
2021-08-20,29.5,24.2,26.1,0.2,0.2,10.1
2021-08-21,29.0,24.0,26.2,2.1,2.1,11.7
2021-08-22,30.2,23.7,26.7,2.6,2.6,19.2
2021-08-23,30.2,24.0,26.7,2.4,2.4,8.9
2021-08-24,30.9,23.2,27.1,1.5,1.5,7.1
2021-08-25,30.3,24.5,27.0,2.9,2.9,6.8
2021-08-26,31.6,23.1,27.3,0.1,0.1,11.2
2021-08-27,32.0,23.6,27.8,0.0,0.0,12.5
2021-08-28,32.2,23.8,27.8,0.1,0.1,9.4
2021-08-29,32.3,24.6,27.4,3.0,3.0,12.7
2021-08-30,31.3,24.7,27.5,1.0,1.0,9.2
2021-08-31,31.0,24.5,27.4,1.4,1.4,9.1
2021-09-01,31.3,24.7,27.7,0.4,0.4,12.3
2021-09-02,31.9,24.0,27.7,0.3,0.3,9.4
2021-09-03,30.8,24.5,27.5,1.6,1.6,9.2
2021-09-04,31.9,24.5,28.1,0.0,0.0,11.0
2021-09-05,32.5,24.7,28.4,0.6,0.6,11.1
2021-09-06,30.7,23.9,26.4,6.4,6.4,11.8
2021-09-07,29.6,24.3,26.3,2.9,2.9,7.5
2021-09-08,30.9,24.1,27.1,4.9,4.9,9.7
2021-09-09,30.4,23.3,27.1,1.4,1.4,9.1
2021-09-10,31.7,23.7,27.4,0.4,0.4,14.1
2021-09-11,32.5,23.9,28.3,0.0,0.0,10.6
2021-09-12,29.1,25.0,26.8,9.9,9.9,10.0
2021-09-13,29.9,24.1,26.4,20.2,20.2,18.9
2021-09-14,26.5,23.4,24.8,27.6,27.6,14.6
2021-09-15,29.7,23.5,26.3,0.3,0.3,13.4
2021-09-16,30.2,24.2,27.1,1.2,1.2,16.1
2021-09-17,30.6,24.0,27.3,1.3,1.3,14.5
2021-09-18,31.7,24.5,27.9,0.5,0.5,9.2
2021-09-19,31.7,24.9,27.7,0.9,0.9,12.3
2021-09-20,30.4,24.4,27.2,4.3,4.3,11.1
2021-09-21,31.4,23.6,26.9,1.9,1.9,16.8
2021-09-22,31.3,24.1,27.1,2.7,2.7,11.2
2021-09-23,31.3,24.5,27.1,2.9,2.9,10.3
2021-09-24,31.2,24.2,27.3,3.5,3.5,16.4
2021-09-25,30.5,23.9,26.9,4.3,4.3,14.8
2021-09-26,30.2,24.1,27.1,10.7,10.7,16.9
2021-09-27,30.9,24.0,27.1,4.4,4.4,14.8
2021-09-28,30.8,23.4,26.7,9.5,9.5,11.0
2021-09-29,31.0,24.6,27.6,3.3,3.3,10.9
2021-09-30,31.4,24.3,27.5,1.1,1.1,18.7
2021-10-01,31.5,24.7,27.7,0.3,0.3,14.8
2021-10-02,31.8,24.6,27.7,3.2,3.2,11.5
2021-10-03,31.8,24.0,27.7,0.5,0.5,7.1
2021-10-04,32.3,23.7,27.9,0.7,0.7,12.0
2021-10-05,32.9,23.8,27.8,0.2,0.2,13.2
2021-10-06,32.8,22.0,27.1,0.4,0.4,9.5
2021-10-07,32.0,23.3,27.3,1.3,1.3,9.8
2021-10-08,33.1,21.7,27.5,0.0,0.0,11.5
2021-10-09,32.9,24.3,28.4,1.0,1.0,12.2
2021-10-10,33.0,25.7,28.9,0.8,0.8,9.7
2021-10-11,33.2,25.3,28.5,3.0,3.0,10.7
2021-10-12,33.6,25.1,29.0,1.6,1.6,11.2
2021-10-13,32.3,25.6,29.0,0.5,0.5,11.4
2021-10-14,33.7,26.1,29.5,0.0,0.0,12.7
2021-10-15,33.4,26.0,29.2,0.0,0.0,13.5
2021-10-16,34.0,25.0,29.4,0.5,0.5,12.3
2021-10-17,32.7,24.1,28.0,11.2,11.2,13.8
2021-10-18,28.8,23.4,25.6,9.4,9.4,14.8
2021-10-19,32.2,23.8,27.4,0.4,0.4,19.9
2021-10-20,32.0,25.0,28.0,1.0,1.0,8.9
2021-10-21,30.4,24.0,27.1,11.0,11.0,14.2
2021-10-22,30.6,24.4,26.9,4.9,4.9,13.0
2021-10-23,31.2,23.9,27.2,0.8,0.8,12.8
2021-10-24,31.7,24.3,28.0,0.1,0.1,10.5
2021-10-25,31.8,24.8,27.9,1.7,1.7,11.7
2021-10-26,33.0,23.9,28.0,0.1,0.1,12.8
2021-10-27,29.8,24.7,26.9,10.1,10.1,13.4
2021-10-28,31.1,24.0,26.9,6.0,6.0,8.1
2021-10-29,32.4,23.6,28.0,0.0,0.0,8.8
2021-10-30,31.6,25.1,27.9,0.8,0.8,10.8
2021-10-31,31.8,25.1,27.5,1.7,1.7,14.9
2021-11-01,28.3,24.5,25.9,5.5,5.5,9.2
2021-11-02,29.4,24.5,26.6,3.9,3.9,18.4
2021-11-03,30.0,23.7,26.9,0.1,0.1,17.3
2021-11-04,32.0,24.8,27.6,2.0,2.0,19.2
2021-11-05,28.0,24.2,25.8,7.1,7.1,9.9
2021-11-06,31.2,24.4,27.1,10.7,10.7,11.3
2021-11-07,29.1,23.4,26.0,21.6,21.6,23.4
2021-11-08,29.6,24.0,27.0,9.8,9.8,10.1
2021-11-09,29.1,23.9,26.2,22.8,22.8,9.0
2021-11-10,29.0,24.0,26.2,8.4,8.4,17.1
2021-11-11,28.5,24.8,26.5,0.6,0.6,11.5
2021-11-12,32.1,25.0,27.8,0.1,0.1,11.8
2021-11-13,31.7,23.6,27.5,0.4,0.4,17.7
2021-11-14,30.7,24.7,27.1,0.0,0.0,18.7
2021-11-15,27.4,24.3,25.4,7.6,7.6,16.1
2021-11-16,30.4,24.2,26.9,0.6,0.6,18.6
2021-11-17,30.3,24.5,27.1,2.4,2.4,14.9
2021-11-18,28.2,24.6,25.8,9.7,9.7,19.2
2021-11-19,28.1,23.5,25.5,11.3,11.3,14.0
2021-11-20,30.5,24.6,27.0,11.1,11.1,13.1
2021-11-21,30.3,25.2,27.4,0.9,0.9,20.6
2021-11-22,29.2,24.7,26.3,4.5,4.5,18.6
2021-11-23,27.7,24.0,25.5,6.5,6.5,23.3
2021-11-24,30.8,24.2,26.8,0.3,0.3,18.6
2021-11-25,31.3,23.5,27.4,0.2,0.2,15.1
2021-11-26,31.9,23.5,27.6,0.6,0.6,15.0
2021-11-27,28.7,23.6,25.7,13.3,13.3,25.0
2021-11-28,29.1,24.4,26.3,2.9,2.9,27.2
2021-11-29,29.7,23.7,26.2,1.2,1.2,20.0
2021-11-30,29.5,23.7,26.3,10.3,10.3,17.2
2021-12-01,31.5,23.3,27.1,6.3,6.3,17.6
2021-12-02,31.3,25.5,28.0,0.0,0.0,20.0
2021-12-03,30.5,25.0,27.9,0.3,0.3,14.8
2021-12-04,26.9,24.8,25.5,20.6,20.6,11.9
2021-12-05,25.9,24.0,25.0,11.5,11.5,7.2
2021-12-06,29.3,23.7,25.7,21.2,21.2,20.0
2021-12-07,28.0,23.8,25.2,22.9,22.9,13.8
2021-12-08,30.1,23.2,26.4,7.6,7.6,12.0
2021-12-09,29.7,23.5,26.3,5.6,5.6,12.8
2021-12-10,29.4,23.6,26.1,11.1,11.1,11.6
2021-12-11,29.8,23.1,26.3,3.0,3.0,18.2
2021-12-12,29.9,24.5,27.0,2.1,2.1,19.3
2021-12-13,30.1,25.3,27.4,0.9,0.9,20.3
2021-12-14,29.9,25.0,27.2,0.6,0.6,20.1
2021-12-15,30.6,24.4,27.5,1.8,1.8,15.2
2021-12-16,29.9,24.5,26.8,1.2,1.2,10.0
2021-12-17,30.3,24.0,26.9,1.4,1.4,14.1
2021-12-18,31.1,25.0,27.8,0.1,0.1,13.9
2021-12-19,31.8,24.7,27.7,1.4,1.4,18.1
2021-12-20,30.5,24.6,26.5,5.8,5.8,12.8
2021-12-21,27.6,24.0,25.5,4.0,4.0,10.3
2021-12-22,29.8,23.5,26.5,0.4,0.4,9.8
2021-12-23,29.0,24.3,26.4,5.2,5.2,14.6
2021-12-24,29.4,23.8,26.5,11.1,11.1,10.9
2021-12-25,28.7,24.2,25.7,37.1,37.1,15.3
2021-12-26,29.8,23.2,26.4,27.9,27.9,10.7
2021-12-27,29.2,23.4,26.3,4.0,4.0,11.9
2021-12-28,29.2,23.7,25.7,9.4,9.4,10.2
2021-12-29,29.3,23.0,26.1,9.3,9.3,7.6
2021-12-30,28.9,24.0,26.3,10.0,10.0,10.7
2021-12-31,29.1,24.5,26.7,1.7,1.7,20.1
2022-01-01,29.0,24.0,26.4,1.5,1.5,21.8
2022-01-02,29.1,24.4,26.6,0.6,0.6,23.1
2022-01-03,31.0,23.0,27.0,1.1,1.1,18.2
2022-01-04,31.4,21.5,26.9,0.7,0.7,15.6
2022-01-05,31.0,23.1,27.2,1.7,1.7,16.6
2022-01-06,29.7,24.0,27.0,4.6,4.6,14.5
2022-01-07,30.8,25.2,27.7,0.2,0.2,19.7
2022-01-08,32.0,25.0,27.9,1.3,1.3,12.8
2022-01-09,31.0,24.5,27.7,0.9,0.9,13.6
2022-01-10,29.6,24.3,26.5,6.6,6.6,18.1
2022-01-11,30.0,23.9,25.9,15.0,15.0,20.5
2022-01-12,28.6,24.2,26.0,6.9,6.9,15.9
2022-01-13,30.0,22.6,26.0,34.6,34.6,16.4
2022-01-14,29.7,22.3,25.2,9.6,9.6,13.9
2022-01-15,29.8,23.6,26.2,11.6,11.6,16.6
2022-01-16,28.8,23.3,26.1,1.9,1.9,11.8
2022-01-17,29.9,23.6,26.3,2.1,2.1,13.3
2022-01-18,27.7,23.4,25.4,17.0,17.0,16.1
2022-01-19,28.8,23.2,25.4,9.0,9.0,17.2
2022-01-20,26.2,23.0,24.6,17.3,17.3,17.1
2022-01-21,29.9,23.9,26.4,4.1,4.1,13.9
2022-01-22,28.4,23.6,25.4,14.0,14.0,9.5
2022-01-23,30.0,24.7,27.1,0.5,0.5,21.2
2022-01-24,29.7,24.1,27.0,2.0,2.0,24.7
2022-01-25,29.5,24.5,26.7,1.5,1.5,20.6
2022-01-26,28.8,24.4,26.4,5.1,5.1,16.8
2022-01-27,30.4,23.9,27.1,0.9,0.9,12.8
2022-01-28,30.3,24.2,27.1,0.4,0.4,14.5
2022-01-29,30.8,24.3,27.4,0.7,0.7,11.3
2022-01-30,31.2,24.3,27.4,1.0,1.0,13.7
2022-01-31,29.0,24.2,26.6,4.3,4.3,15.0
2022-02-01,30.9,24.1,27.5,0.9,0.9,10.4
2022-02-02,30.4,24.5,27.0,7.7,7.7,13.0
2022-02-03,29.7,24.2,26.3,3.7,3.7,10.5
2022-02-04,30.3,23.8,26.4,7.5,7.5,11.5
2022-02-05,27.1,24.1,25.0,24.5,24.5,13.2
2022-02-06,28.9,23.4,26.5,12.3,12.3,16.4
2022-02-07,30.0,23.6,26.1,11.9,11.9,15.0
2022-02-08,29.1,23.6,25.9,11.7,11.7,12.1
2022-02-09,30.3,23.8,26.1,15.2,15.2,21.2
2022-02-10,27.6,24.4,25.8,9.7,9.7,19.2
2022-02-11,30.5,24.4,27.2,0.5,0.5,14.1
2022-02-12,30.0,25.2,27.3,0.7,0.7,12.8
2022-02-13,29.4,24.1,26.5,1.6,1.6,10.1
2022-02-14,29.0,24.1,26.2,3.8,3.8,7.2
2022-02-15,31.4,23.9,27.5,0.2,0.2,10.9
2022-02-16,32.2,24.5,26.9,9.9,9.9,11.4
2022-02-17,28.2,23.6,25.5,15.9,15.9,9.9
2022-02-18,26.0,24.2,25.0,20.0,20.0,8.7
2022-02-19,29.6,24.1,25.7,4.7,4.7,7.7
2022-02-20,30.0,23.6,26.2,4.1,4.1,10.4
2022-02-21,30.5,24.2,26.9,0.7,0.7,17.1
2022-02-22,31.1,24.1,27.3,0.1,0.1,15.4
2022-02-23,29.9,24.1,26.7,3.3,3.3,17.7
2022-02-24,29.3,23.3,26.3,6.1,6.1,18.6
2022-02-25,25.9,24.0,25.2,10.9,10.9,14.1
2022-02-26,28.9,23.8,26.4,2.2,2.2,24.1
2022-02-27,29.6,23.4,26.7,4.5,4.5,22.3
2022-02-28,30.1,24.1,27.2,1.3,1.3,17.6
2022-03-01,27.4,24.3,25.7,3.5,3.5,17.5
2022-03-02,28.1,23.8,25.9,2.4,2.4,23.7
2022-03-03,28.9,23.7,26.2,1.7,1.7,19.4
2022-03-04,28.3,23.6,25.6,8.7,8.7,14.9
2022-03-05,29.3,23.6,26.6,1.4,1.4,21.3
2022-03-06,29.1,23.7,26.0,11.9,11.9,24.1
2022-03-07,29.5,23.9,26.1,6.2,6.2,22.4
2022-03-08,29.0,23.7,26.2,2.7,2.7,17.8
2022-03-09,28.9,24.6,26.4,1.1,1.1,14.8
2022-03-10,30.0,24.0,26.5,1.8,1.8,17.9
2022-03-11,28.8,24.3,26.3,2.3,2.3,16.8
2022-03-12,29.3,24.7,26.5,3.4,3.4,19.8
2022-03-13,30.3,24.1,27.2,8.8,8.8,8.9
2022-03-14,30.9,24.0,27.1,7.0,7.0,9.0
2022-03-15,28.3,24.7,26.1,13.4,13.4,14.0
2022-03-16,30.5,23.4,27.0,0.6,0.6,10.5
2022-03-17,30.4,24.4,27.0,5.3,5.3,9.7
2022-03-18,30.1,24.5,27.1,2.9,2.9,15.3
2022-03-19,30.7,24.6,27.3,0.5,0.5,25.2
2022-03-20,31.4,25.2,28.0,0.2,0.2,26.7
2022-03-21,29.8,25.4,27.4,2.9,2.9,25.0
2022-03-22,31.0,25.9,28.2,0.7,0.7,20.0
2022-03-23,30.2,24.6,26.6,8.2,8.2,21.0
2022-03-24,31.8,24.2,27.8,0.8,0.8,11.9
2022-03-25,31.5,24.1,28.1,1.2,1.2,10.5
2022-03-26,29.6,24.9,26.8,7.9,7.9,14.8
2022-03-27,30.8,23.9,26.4,12.7,12.7,19.1
2022-03-28,30.7,23.4,26.6,10.2,10.2,10.2
2022-03-29,30.2,25.2,27.4,4.9,4.9,16.6
2022-03-30,30.9,24.1,27.6,1.3,1.3,10.2
2022-03-31,30.3,24.0,27.0,2.5,2.5,21.1
2022-04-01,30.4,24.4,27.3,0.7,0.7,11.1
2022-04-02,30.8,24.8,27.3,1.0,1.0,20.1
2022-04-03,29.0,24.7,26.5,2.1,2.1,22.4
2022-04-04,31.5,24.7,27.7,0.0,0.0,18.9
2022-04-05,31.9,23.7,27.4,0.7,0.7,17.8
2022-04-06,32.1,24.2,27.7,0.2,0.2,17.3
2022-04-07,31.8,24.6,27.5,0.4,0.4,18.8
2022-04-08,31.4,24.7,27.2,0.9,0.9,19.8
2022-04-09,32.4,24.4,27.7,2.6,2.6,16.5
2022-04-10,31.6,24.1,27.6,1.6,1.6,16.6
2022-04-11,32.1,23.4,27.5,0.5,0.5,12.7
2022-04-12,31.5,24.2,27.3,2.0,2.0,9.4
2022-04-13,31.2,25.1,27.8,1.7,1.7,10.0
2022-04-14,32.3,24.2,28.4,0.7,0.7,12.7
2022-04-15,32.7,24.7,28.3,2.5,2.5,11.0
2022-04-16,33.2,23.9,28.3,0.1,0.1,11.3
2022-04-17,32.5,25.2,29.0,0.9,0.9,14.8
2022-04-18,32.8,25.7,28.9,0.6,0.6,11.1
2022-04-19,32.8,24.9,27.7,1.5,1.5,18.9
2022-04-20,29.6,25.4,27.1,1.9,1.9,17.8
2022-04-21,28.6,24.0,26.0,6.4,6.4,14.2
2022-04-22,27.7,24.3,26.0,15.6,15.6,12.7
2022-04-23,29.9,24.4,27.0,7.4,7.4,12.0
2022-04-24,31.2,24.1,27.3,2.1,2.1,9.4
2022-04-25,33.5,24.2,28.2,1.8,1.8,19.6
2022-04-26,31.5,24.9,28.0,0.4,0.4,14.7
2022-04-27,29.9,24.4,27.0,20.5,20.5,13.8
2022-04-28,28.9,24.3,26.2,25.2,25.2,21.0
2022-04-29,30.0,24.9,27.0,0.4,0.4,21.2
2022-04-30,30.2,24.1,26.7,4.4,4.4,8.4
2022-05-01,29.1,23.8,26.3,16.8,16.8,5.8
2022-05-02,29.8,24.0,26.7,6.0,6.0,8.4
2022-05-03,31.1,23.9,26.8,1.2,1.2,11.3
2022-05-04,30.9,23.8,27.1,3.0,3.0,11.1
2022-05-05,31.6,24.4,27.6,0.8,0.8,10.5
2022-05-06,30.9,24.6,27.7,0.8,0.8,8.5
2022-05-07,30.4,25.3,27.5,1.3,1.3,13.8
2022-05-08,32.4,24.3,28.0,0.2,0.2,11.8
2022-05-09,32.9,24.0,28.0,0.3,0.3,15.3
2022-05-10,32.6,25.5,28.0,13.4,13.4,13.6
2022-05-11,30.9,24.7,27.8,1.7,1.7,9.6
2022-05-12,31.2,25.0,27.8,1.2,1.2,24.0
2022-05-13,33.2,27.2,29.4,0.1,0.1,19.1
2022-05-14,33.4,25.2,29.2,0.6,0.6,9.7
2022-05-15,32.6,25.3,28.2,3.0,3.0,10.9
2022-05-16,32.9,24.2,27.7,0.7,0.7,11.4
2022-05-17,33.4,24.7,28.3,0.7,0.7,13.6
2022-05-18,32.0,25.3,28.0,0.9,0.9,8.5
2022-05-19,31.4,24.9,27.3,0.3,0.3,11.9
2022-05-20,29.7,24.1,26.1,7.8,7.8,9.9
2022-05-21,30.0,23.8,26.1,5.1,5.1,9.4
2022-05-22,29.0,24.2,26.7,2.3,2.3,12.0
2022-05-23,31.2,24.6,27.2,4.9,4.9,16.0
2022-05-24,31.4,24.4,27.6,9.4,9.4,20.4
2022-05-25,29.7,23.4,26.0,20.0,20.0,10.8
2022-05-26,27.5,23.5,25.4,10.7,10.7,12.0
2022-05-27,30.8,24.3,27.0,12.6,12.6,16.6
2022-05-28,26.9,23.8,25.1,6.4,6.4,13.2
2022-05-29,29.6,23.2,25.8,2.1,2.1,11.4
2022-05-30,29.5,23.9,26.2,11.0,11.0,15.6
2022-05-31,28.9,24.2,26.0,1.8,1.8,15.2
2022-06-01,30.3,24.5,27.0,0.1,0.1,17.9
2022-06-02,30.8,24.6,27.0,3.8,3.8,12.4
2022-06-03,30.8,23.9,27.0,0.7,0.7,11.8
2022-06-04,30.7,23.5,26.5,3.2,3.2,12.6
2022-06-05,30.4,23.2,26.3,1.3,1.3,13.4
2022-06-06,28.0,23.5,25.5,7.3,7.3,9.4
2022-06-07,28.9,22.8,25.7,2.3,2.3,14.2
2022-06-08,28.5,22.8,25.6,9.8,9.8,12.5
2022-06-09,28.0,23.3,24.9,8.4,8.4,7.9
2022-06-10,30.5,22.3,26.2,0.7,0.7,7.4
2022-06-11,29.0,24.1,26.0,4.2,4.2,8.3
2022-06-12,28.4,23.8,25.8,4.5,4.5,11.7
2022-06-13,29.3,23.6,25.7,2.7,2.7,10.1
2022-06-14,29.2,23.3,25.8,0.8,0.8,8.7
2022-06-15,27.2,23.4,25.1,4.1,4.1,11.1
2022-06-16,28.3,23.0,25.5,2.0,2.0,8.4
2022-06-17,28.4,23.5,25.4,5.9,5.9,10.5
2022-06-18,28.6,22.7,25.4,0.4,0.4,9.4
2022-06-19,30.4,22.5,26.3,0.2,0.2,10.1
2022-06-20,29.5,23.1,26.1,0.8,0.8,11.0
2022-06-21,30.0,23.0,26.5,1.2,1.2,16.4
2022-06-22,29.4,22.9,26.3,4.7,4.7,12.9
2022-06-23,30.6,22.8,26.6,0.1,0.1,12.3
2022-06-24,28.6,23.2,26.1,0.5,0.5,10.5
2022-06-25,28.9,23.7,25.8,7.3,7.3,7.1
2022-06-26,29.5,23.3,25.8,3.5,3.5,10.5
2022-06-27,29.8,23.2,26.2,1.8,1.8,11.2
2022-06-28,29.4,23.8,26.3,1.6,1.6,11.2
2022-06-29,30.6,23.0,26.6,0.2,0.2,13.3
2022-06-30,31.0,21.7,26.0,0.0,0.0,11.2
2022-07-01,30.7,22.3,26.4,0.1,0.1,13.0
2022-07-02,30.4,22.9,26.8,1.9,1.9,9.8
2022-07-03,29.5,24.3,26.4,9.2,9.2,8.9
2022-07-04,29.7,24.3,27.1,2.6,2.6,21.7
2022-07-05,30.6,23.9,27.0,3.6,3.6,8.0
2022-07-06,30.1,24.2,26.8,0.1,0.1,10.0
2022-07-07,30.8,23.6,27.3,1.7,1.7,8.8
2022-07-08,30.4,23.6,27.0,0.6,0.6,11.2
2022-07-09,30.3,22.9,26.7,0.4,0.4,7.2
2022-07-10,31.4,23.7,27.3,0.2,0.2,13.0
2022-07-11,32.1,24.3,28.2,0.0,0.0,14.0
2022-07-12,29.8,24.9,27.0,5.6,5.6,12.2
2022-07-13,29.5,24.0,25.9,12.0,12.0,14.5
2022-07-14,30.1,24.0,26.6,4.3,4.3,16.5
2022-07-15,29.6,23.9,26.1,39.6,39.6,17.0
2022-07-16,29.0,23.4,25.2,50.7,50.7,15.3
2022-07-17,29.1,23.2,26.1,1.6,1.6,20.7
2022-07-18,29.5,23.3,26.7,0.5,0.5,9.4
2022-07-19,30.5,23.1,26.8,5.5,5.5,10.4
2022-07-20,29.1,24.5,26.2,3.7,3.7,9.4
2022-07-21,30.4,22.6,26.6,0.0,0.0,8.0
2022-07-22,29.9,23.9,26.2,6.5,6.5,17.1
2022-07-23,29.4,23.5,25.9,3.0,3.0,12.6
2022-07-24,29.4,22.8,25.9,1.1,1.1,8.6
2022-07-25,28.0,23.7,25.7,2.7,2.7,8.4
2022-07-26,29.3,23.3,26.1,1.6,1.6,13.2
2022-07-27,29.7,23.3,26.5,0.0,0.0,11.0
2022-07-28,30.3,24.1,27.2,0.1,0.1,18.9
2022-07-29,29.9,24.2,26.5,3.6,3.6,12.3
2022-07-30,29.6,23.1,26.4,0.1,0.1,8.7
2022-07-31,30.0,23.9,26.9,0.0,0.0,16.1
2022-08-01,30.3,23.9,26.8,0.0,0.0,17.7
2022-08-02,30.5,23.7,27.0,0.7,0.7,7.0
2022-08-03,29.4,23.9,26.4,1.9,1.9,11.4
2022-08-04,29.5,23.1,25.7,1.4,1.4,8.7
2022-08-05,29.1,23.3,25.9,2.1,2.1,11.8
2022-08-06,30.9,22.7,26.3,0.4,0.4,11.0
2022-08-07,30.9,23.4,26.4,0.4,0.4,11.6
2022-08-08,31.0,22.7,27.1,0.1,0.1,15.8
2022-08-09,31.0,23.3,27.3,0.2,0.2,9.0
2022-08-10,32.0,23.7,27.6,0.8,0.8,10.3
2022-08-11,32.4,24.3,28.2,0.4,0.4,11.2
2022-08-12,31.1,24.5,27.4,3.6,3.6,9.4
2022-08-13,31.5,23.1,27.0,0.2,0.2,13.4
2022-08-14,32.1,24.4,27.3,1.2,1.2,11.9
2022-08-15,30.4,23.4,25.8,9.7,9.7,12.3
2022-08-16,29.9,23.4,26.1,3.3,3.3,10.8
2022-08-17,31.3,23.4,26.7,0.4,0.4,13.5
2022-08-18,31.5,24.4,27.5,0.1,0.1,10.7
2022-08-19,32.3,24.4,28.3,0.4,0.4,15.2
2022-08-20,32.0,24.9,27.9,0.8,0.8,15.7
2022-08-21,29.7,24.6,26.4,6.4,6.4,10.0
2022-08-22,30.7,22.8,26.3,6.1,6.1,10.8
2022-08-23,32.2,24.2,27.2,3.9,3.9,14.2
2022-08-24,31.4,23.1,27.2,0.4,0.4,11.4
2022-08-25,30.8,23.8,27.2,2.3,2.3,8.4
2022-08-26,31.8,24.3,27.6,1.6,1.6,9.7
2022-08-27,31.0,23.9,26.6,2.2,2.2,12.1
2022-08-28,29.8,23.5,25.9,2.5,2.5,10.2
2022-08-29,30.3,23.2,26.6,1.0,1.0,10.9
2022-08-30,31.6,23.6,27.2,0.3,0.3,10.3
2022-08-31,30.9,24.1,27.4,1.3,1.3,12.5
2022-09-01,29.7,23.7,26.4,11.0,11.0,11.5
2022-09-02,30.7,22.6,26.4,13.8,13.8,11.2
2022-09-03,29.9,23.5,26.5,0.3,0.3,22.4
2022-09-04,32.4,24.1,27.7,0.3,0.3,20.6
2022-09-05,32.1,23.6,27.6,5.2,5.2,12.0
2022-09-06,30.5,23.7,26.6,6.0,6.0,14.0
2022-09-07,30.4,23.1,26.4,8.1,8.1,12.8
2022-09-08,25.3,23.1,24.2,30.4,30.4,6.8
2022-09-09,29.3,22.9,25.4,18.8,18.8,8.0
2022-09-10,29.1,23.1,25.5,4.3,4.3,13.4
2022-09-11,30.0,23.2,25.9,5.3,5.3,9.7
2022-09-12,29.5,22.8,25.8,0.7,0.7,10.2
2022-09-13,30.1,22.8,26.3,3.1,3.1,10.0
2022-09-14,31.5,22.2,26.9,0.1,0.1,7.2
2022-09-15,31.9,23.8,27.9,0.4,0.4,9.4
2022-09-16,32.3,23.6,27.7,0.0,0.0,13.0
2022-09-17,31.7,24.4,27.8,0.0,0.0,16.4
2022-09-18,31.9,24.1,27.6,0.8,0.8,11.7
2022-09-19,32.2,23.9,27.2,1.2,1.2,11.6
2022-09-20,32.9,23.2,27.9,0.0,0.0,10.5
2022-09-21,31.8,23.9,28.0,1.5,1.5,9.7
2022-09-22,30.5,23.7,27.0,2.0,2.0,15.9
2022-09-23,30.7,23.5,26.5,3.1,3.1,9.8
2022-09-24,31.6,23.4,26.8,3.7,3.7,12.5
2022-09-25,31.6,23.2,27.5,2.9,2.9,12.0
2022-09-26,32.7,23.8,28.2,0.4,0.4,20.4
2022-09-27,32.8,24.0,28.2,0.6,0.6,12.1
2022-09-28,32.6,24.2,28.2,0.4,0.4,12.9
2022-09-29,31.9,24.4,28.2,2.0,2.0,10.6
2022-09-30,32.1,25.1,27.8,3.1,3.1,18.5
2022-10-01,30.1,24.2,27.1,12.8,12.8,12.1
2022-10-02,29.1,23.2,25.9,30.4,30.4,10.6
2022-10-03,29.3,23.4,26.4,4.8,4.8,13.4
2022-10-04,31.5,23.7,26.6,2.1,2.1,9.7
2022-10-05,29.1,24.0,26.1,5.4,5.4,12.7
2022-10-06,30.2,23.3,25.8,28.3,28.3,8.1
2022-10-07,28.0,23.0,25.1,8.7,8.7,18.4
2022-10-08,29.2,24.4,26.4,0.1,0.1,17.6
2022-10-09,29.9,24.2,26.1,6.2,6.2,10.5
2022-10-10,28.8,23.3,25.8,3.4,3.4,10.2
2022-10-11,30.1,23.5,26.1,10.7,10.7,15.2
2022-10-12,29.8,23.0,26.4,2.4,2.4,11.9
2022-10-13,29.4,23.9,26.3,1.2,1.2,9.9
2022-10-14,29.5,24.2,26.3,0.6,0.6,9.6
2022-10-15,30.8,23.5,26.1,4.0,4.0,10.5
2022-10-16,29.8,23.8,26.2,2.6,2.6,8.8
2022-10-17,31.0,23.8,27.0,1.1,1.1,11.9
2022-10-18,29.7,24.5,26.5,3.2,3.2,11.2
2022-10-19,30.0,24.0,26.2,5.8,5.8,14.0
2022-10-20,29.9,24.1,26.8,1.0,1.0,15.6
2022-10-21,30.3,24.6,27.1,0.7,0.7,15.1
2022-10-22,31.7,23.8,27.6,4.1,4.1,12.7
2022-10-23,29.5,24.1,26.4,8.1,8.1,17.9
2022-10-24,28.7,24.5,26.0,5.1,5.1,19.7
2022-10-25,28.9,23.6,25.4,40.0,40.0,19.4
2022-10-26,26.6,23.3,24.9,39.5,39.5,21.6
2022-10-27,30.5,22.6,26.6,0.1,0.1,15.5
2022-10-28,31.5,22.4,26.9,0.0,0.0,18.0
2022-10-29,31.4,23.5,27.2,2.2,2.2,12.3
2022-10-30,31.6,23.2,27.1,0.0,0.0,11.7
2022-10-31,31.4,21.9,26.7,0.2,0.2,11.4
2022-11-01,31.0,23.5,27.2,0.6,0.6,11.9
2022-11-02,31.5,22.7,27.2,0.3,0.3,13.4
2022-11-03,31.4,24.4,27.7,0.3,0.3,11.0
2022-11-04,32.5,24.5,27.7,9.6,9.6,16.4
2022-11-05,30.5,24.5,26.7,3.2,3.2,12.4
2022-11-06,29.9,23.3,26.8,2.1,2.1,10.2
2022-11-07,29.4,22.9,25.3,21.7,21.7,10.6
2022-11-08,27.6,23.9,25.3,11.4,11.4,11.2
2022-11-09,29.8,23.8,26.1,11.4,11.4,16.7
2022-11-10,29.6,24.2,26.2,1.9,1.9,21.4
2022-11-11,29.5,24.2,26.2,2.9,2.9,22.1
2022-11-12,29.6,24.5,26.6,1.8,1.8,19.8
2022-11-13,30.0,24.3,26.2,7.9,7.9,13.8
2022-11-14,29.9,24.1,26.4,1.8,1.8,16.3
2022-11-15,28.3,24.9,26.2,11.3,11.3,13.5
2022-11-16,29.6,24.4,26.7,3.6,3.6,13.1
2022-11-17,29.1,23.8,26.1,23.3,23.3,16.5
2022-11-18,30.1,24.1,26.6,14.2,14.2,21.7
2022-11-19,29.0,23.8,26.0,4.0,4.0,24.6
2022-11-20,29.5,23.7,26.1,3.6,3.6,24.7
2022-11-21,29.8,23.8,26.5,1.3,1.3,20.8
2022-11-22,29.8,24.8,26.9,0.0,0.0,23.7
2022-11-23,29.9,24.5,26.4,2.6,2.6,19.1
2022-11-24,30.1,24.2,26.6,1.4,1.4,23.6
2022-11-25,31.2,22.7,26.9,0.4,0.4,18.9
2022-11-26,30.2,24.8,27.0,0.1,0.1,15.4
2022-11-27,30.8,24.5,27.2,2.8,2.8,12.6
2022-11-28,30.5,23.2,26.8,1.0,1.0,13.1
2022-11-29,32.3,22.7,27.7,0.5,0.5,8.3
2022-11-30,32.6,23.3,27.6,3.0,3.0,9.5
2022-12-01,32.4,23.4,27.9,0.1,0.1,15.9
2022-12-02,31.0,23.2,27.0,2.4,2.4,16.4
2022-12-03,31.8,24.4,27.2,2.8,2.8,13.5
2022-12-04,30.9,24.5,27.3,0.2,0.2,10.6
2022-12-05,30.7,24.7,27.1,1.6,1.6,10.9
2022-12-06,29.3,24.5,26.5,3.6,3.6,12.0
2022-12-07,29.8,24.3,26.6,9.1,9.1,10.2
2022-12-08,31.4,24.3,27.4,1.4,1.4,19.1
2022-12-09,29.2,24.6,26.4,2.7,2.7,18.0
2022-12-10,32.7,24.7,28.1,0.1,0.1,13.6
2022-12-11,30.3,25.0,26.9,5.8,5.8,21.8
2022-12-12,30.9,24.7,27.1,1.2,1.2,25.2
2022-12-13,31.2,24.6,27.3,0.5,0.5,23.8
2022-12-14,30.3,25.3,27.1,3.1,3.1,26.0
2022-12-15,32.6,24.8,28.5,0.1,0.1,18.2
2022-12-16,32.8,24.8,28.3,0.0,0.0,10.6
2022-12-17,32.7,25.0,28.4,0.2,0.2,16.4
2022-12-18,32.2,23.6,28.2,4.8,4.8,17.3
2022-12-19,31.8,24.4,28.3,0.2,0.2,10.8
2022-12-20,29.9,24.1,26.7,22.1,22.1,10.1
2022-12-21,30.2,24.6,27.4,2.2,2.2,15.1
2022-12-22,31.2,24.5,27.4,3.5,3.5,25.9
2022-12-23,29.8,23.9,26.8,9.2,9.2,21.2
2022-12-24,30.4,24.7,27.3,1.5,1.5,17.2
2022-12-25,28.5,24.5,26.0,6.5,6.5,15.9
2022-12-26,28.1,23.3,25.4,11.9,11.9,19.9
2022-12-27,28.5,23.9,25.6,4.9,4.9,18.3
2022-12-28,28.5,24.2,25.8,10.4,10.4,26.9
2022-12-29,27.2,23.6,25.1,17.3,17.3,24.6
2022-12-30,28.1,22.9,25.0,15.7,15.7,15.6
2022-12-31,27.9,23.8,25.2,17.7,17.7,24.7
2023-01-01,28.6,23.4,25.4,9.7,9.7,20.7
2023-01-02,28.8,23.0,25.1,7.7,7.7,22.1
2023-01-03,26.8,23.1,24.4,18.4,18.4,19.4
2023-01-04,28.6,22.3,25.1,18.1,18.1,15.1
2023-01-05,30.4,22.8,26.1,0.7,0.7,18.2
2023-01-06,29.2,24.4,26.6,0.6,0.6,22.9
2023-01-07,28.6,23.9,26.2,2.7,2.7,26.3
2023-01-08,29.0,24.3,26.5,1.9,1.9,22.2
2023-01-09,30.5,24.8,27.0,1.3,1.3,16.2
2023-01-10,30.0,24.8,26.9,0.0,0.0,19.9
2023-01-11,32.0,23.7,27.6,0.4,0.4,17.9
2023-01-12,31.6,23.8,27.7,0.9,0.9,15.4
2023-01-13,30.8,23.9,27.0,0.7,0.7,9.5
2023-01-14,32.4,23.9,27.9,0.2,0.2,18.7
2023-01-15,32.2,24.4,28.1,0.0,0.0,22.4
2023-01-16,30.1,24.7,27.3,0.3,0.3,18.9
2023-01-17,28.1,24.1,25.8,6.2,6.2,14.6
2023-01-18,28.7,23.8,26.0,1.5,1.5,13.7
2023-01-19,28.6,23.2,25.5,6.2,6.2,13.0
2023-01-20,29.4,23.5,26.0,4.9,4.9,20.1
2023-01-21,29.8,23.9,26.4,3.4,3.4,17.5
2023-01-22,30.1,24.6,26.9,1.1,1.1,22.9
2023-01-23,26.5,23.7,24.8,20.8,20.8,21.0
2023-01-24,27.5,23.9,25.3,7.1,7.1,26.1
2023-01-25,27.8,23.4,25.5,11.0,11.0,19.8
2023-01-26,30.0,24.6,26.6,0.6,0.6,14.2
2023-01-27,29.2,23.9,25.9,14.7,14.7,13.7
2023-01-28,26.3,23.6,24.9,19.2,19.2,10.2
2023-01-29,28.4,23.3,25.6,17.3,17.3,19.1
2023-01-30,29.6,24.1,26.7,1.7,1.7,17.6
2023-01-31,29.0,23.7,26.4,1.5,1.5,12.0
2023-02-01,28.4,23.7,25.9,4.2,4.2,9.2
2023-02-02,28.7,24.1,26.0,8.1,8.1,10.7
2023-02-03,28.7,23.9,26.1,0.7,0.7,8.8
2023-02-04,30.1,23.2,26.6,1.7,1.7,17.3
2023-02-05,29.7,25.2,27.3,2.2,2.2,25.9
2023-02-06,31.0,26.2,28.1,0.0,0.0,20.0
2023-02-07,29.9,24.1,26.6,5.6,5.6,13.3
2023-02-08,29.8,23.9,26.7,5.3,5.3,12.1
2023-02-09,30.7,25.4,27.3,0.6,0.6,26.7
2023-02-10,30.7,24.5,27.1,9.1,9.1,22.7
2023-02-11,28.2,24.2,25.9,31.4,31.4,16.3
2023-02-12,26.3,23.9,25.0,53.4,53.4,21.8
2023-02-13,29.2,24.6,26.6,1.5,1.5,25.7
2023-02-14,26.9,23.8,25.4,7.6,7.6,24.3
2023-02-15,28.4,23.2,25.3,8.5,8.5,22.4
2023-02-16,27.1,23.4,24.9,10.2,10.2,21.3
2023-02-17,27.8,23.3,25.1,6.9,6.9,16.6
2023-02-18,29.3,23.3,26.2,2.2,2.2,9.7
2023-02-19,29.4,23.8,26.2,0.8,0.8,13.4
2023-02-20,28.3,24.5,26.0,2.1,2.1,20.8
2023-02-21,28.8,23.4,25.5,16.7,16.7,18.6
2023-02-22,28.0,23.4,25.4,21.2,21.2,15.3
2023-02-23,29.4,23.5,25.5,21.4,21.4,18.4
2023-02-24,27.9,23.2,25.1,29.1,29.1,13.5
2023-02-25,28.2,23.6,25.7,2.8,2.8,15.4
2023-02-26,29.1,23.4,25.4,33.6,33.6,14.7
2023-02-27,27.6,23.6,25.4,6.0,6.0,18.8
2023-02-28,27.9,23.7,25.0,16.4,16.4,21.5
2023-03-01,27.2,22.7,24.6,22.0,22.0,22.4
2023-03-02,25.0,23.1,24.1,31.1,31.1,22.6
2023-03-03,29.0,24.0,25.9,12.1,12.1,20.4
2023-03-04,28.1,23.1,25.1,20.7,20.7,18.6
2023-03-05,28.9,22.9,25.7,11.1,11.1,16.7
2023-03-06,28.6,24.1,26.3,1.1,1.1,18.4
2023-03-07,29.4,24.4,26.6,1.2,1.2,14.1
2023-03-08,28.1,24.1,25.8,1.2,1.2,11.5
2023-03-09,28.5,23.1,25.7,3.7,3.7,9.4
2023-03-10,29.4,23.7,25.9,3.3,3.3,8.3
2023-03-11,28.9,23.6,25.7,2.1,2.1,12.7
2023-03-12,28.7,23.3,25.7,5.8,5.8,7.6
2023-03-13,29.5,23.8,26.4,1.7,1.7,9.2
2023-03-14,27.1,23.5,25.1,6.6,6.6,12.1
2023-03-15,27.6,22.6,25.0,2.9,2.9,13.8
2023-03-16,28.7,23.5,26.1,0.2,0.2,13.6
2023-03-17,29.6,23.7,26.5,2.7,2.7,10.1
2023-03-18,29.8,23.4,26.6,0.6,0.6,9.5
2023-03-19,29.4,23.5,26.5,1.5,1.5,10.5
2023-03-20,30.6,23.3,26.3,1.3,1.3,12.0
2023-03-21,29.8,22.9,26.6,0.3,0.3,13.9
2023-03-22,30.3,24.0,27.1,0.9,0.9,10.3
2023-03-23,31.1,24.1,27.4,0.4,0.4,9.9
2023-03-24,30.3,24.5,27.3,1.1,1.1,13.4
2023-03-25,30.0,23.7,26.9,5.5,5.5,20.9
2023-03-26,30.6,24.7,27.1,1.6,1.6,14.3
2023-03-27,30.2,25.1,27.2,1.7,1.7,14.5
2023-03-28,29.1,24.7,26.7,1.4,1.4,10.8
2023-03-29,29.5,24.0,26.1,30.9,30.9,10.9
2023-03-30,28.1,24.8,25.9,18.9,18.9,21.4
2023-03-31,29.7,24.2,26.8,2.2,2.2,20.9
2023-04-01,27.9,24.1,25.4,5.8,5.8,19.7
2023-04-02,29.4,24.4,26.6,1.1,1.1,19.2
2023-04-03,28.5,24.3,26.3,2.8,2.8,19.3
2023-04-04,29.7,23.7,26.4,0.5,0.5,16.6
2023-04-05,30.8,24.5,27.4,0.4,0.4,17.6
2023-04-06,29.5,22.5,26.3,0.0,0.0,18.3
2023-04-07,31.2,24.3,27.3,0.8,0.8,14.3
2023-04-08,31.1,23.1,27.2,0.5,0.5,17.7
2023-04-09,30.4,24.3,27.0,0.6,0.6,16.6
2023-04-10,28.1,23.6,26.0,4.7,4.7,21.6
2023-04-11,30.1,25.5,27.4,1.3,1.3,21.9
2023-04-12,29.8,25.4,26.9,2.9,2.9,23.0
2023-04-13,30.4,25.0,27.4,0.3,0.3,22.7
2023-04-14,31.1,25.2,27.4,3.3,3.3,15.4
2023-04-15,31.9,23.7,27.5,0.7,0.7,20.8
2023-04-16,30.9,24.5,27.6,0.8,0.8,17.4
2023-04-17,32.2,25.2,28.3,0.5,0.5,16.7
2023-04-18,31.4,24.2,27.3,3.6,3.6,11.4
2023-04-19,31.7,24.2,27.3,3.8,3.8,10.7
2023-04-20,31.3,24.2,27.0,5.9,5.9,8.4
2023-04-21,29.8,23.3,26.3,13.7,13.7,12.8
2023-04-22,30.4,23.5,27.3,2.6,2.6,15.0
2023-04-23,29.9,24.0,26.7,11.3,11.3,12.0
2023-04-24,31.5,23.7,27.1,8.6,8.6,10.5
2023-04-25,29.8,23.6,26.5,2.7,2.7,10.0
2023-04-26,31.8,24.2,27.9,0.3,0.3,9.7
2023-04-27,31.6,24.6,27.7,2.3,2.3,10.7
2023-04-28,31.6,25.1,28.1,0.9,0.9,11.0
2023-04-29,30.8,25.0,27.6,1.6,1.6,14.5
2023-04-30,32.4,24.3,28.3,0.5,0.5,12.3
2023-05-01,30.8,24.4,27.4,1.4,1.4,10.1
2023-05-02,31.4,24.7,27.9,3.9,3.9,17.1
2023-05-03,31.3,25.0,27.7,6.4,6.4,10.0
2023-05-04,31.2,24.2,27.3,7.0,7.0,11.0
2023-05-05,31.7,24.3,27.6,3.6,3.6,14.3
2023-05-06,32.1,24.5,27.7,1.4,1.4,9.2
2023-05-07,30.2,25.1,27.4,2.7,2.7,14.8
2023-05-08,31.0,25.1,27.5,1.1,1.1,11.5
2023-05-09,32.4,24.6,28.4,0.5,0.5,11.9
2023-05-10,32.7,24.7,27.9,2.3,2.3,17.5
2023-05-11,30.9,25.1,27.7,5.6,5.6,26.1
2023-05-12,31.6,25.3,28.3,9.3,9.3,21.2
2023-05-13,32.5,25.5,28.2,0.6,0.6,10.7
2023-05-14,31.7,25.4,28.1,0.6,0.6,12.7
2023-05-15,32.3,24.3,28.1,2.6,2.6,10.2
2023-05-16,31.9,24.2,27.9,1.9,1.9,10.0
2023-05-17,31.3,24.7,27.9,0.4,0.4,10.3
2023-05-18,30.4,24.9,27.4,1.6,1.6,9.0
2023-05-19,31.3,24.6,27.7,0.1,0.1,9.7
2023-05-20,31.2,25.0,27.9,0.4,0.4,15.8
2023-05-21,31.7,25.1,27.8,2.3,2.3,12.0
2023-05-22,32.0,23.7,27.7,0.9,0.9,9.8
2023-05-23,31.6,24.5,27.9,1.0,1.0,11.9
2023-05-24,30.8,24.5,27.5,2.8,2.8,11.9
2023-05-25,32.5,24.3,27.9,1.2,1.2,11.2
2023-05-26,32.1,24.6,28.5,2.1,2.1,9.2
2023-05-27,31.7,25.2,28.4,0.7,0.7,10.0
2023-05-28,31.1,25.1,28.1,1.8,1.8,9.7
2023-05-29,31.0,25.2,28.0,2.3,2.3,7.9
2023-05-30,30.8,24.8,27.6,1.5,1.5,11.7
2023-05-31,31.8,23.5,27.9,0.5,0.5,8.8
2023-06-01,32.8,24.1,28.4,0.3,0.3,8.4
2023-06-02,33.4,24.1,28.7,0.0,0.0,14.5
2023-06-03,32.2,25.3,28.6,1.8,1.8,9.2
2023-06-04,31.9,25.0,28.3,1.4,1.4,6.6
2023-06-05,32.5,24.5,28.0,3.8,3.8,12.2
2023-06-06,31.3,23.9,27.2,1.5,1.5,10.9
2023-06-07,31.5,24.2,26.9,4.8,4.8,13.4
2023-06-08,30.7,23.7,27.3,2.7,2.7,15.0
2023-06-09,31.5,24.7,27.8,0.9,0.9,13.5
2023-06-10,30.9,23.9,27.1,3.2,3.2,8.0
2023-06-11,32.3,24.1,27.9,0.2,0.2,11.9
2023-06-12,32.2,24.0,28.1,1.3,1.3,15.0
2023-06-13,32.9,24.8,28.2,3.7,3.7,12.2
2023-06-14,31.4,24.0,26.7,10.9,10.9,9.8
2023-06-15,31.3,23.5,27.2,6.8,6.8,14.6
2023-06-16,25.1,23.5,24.3,22.4,22.4,12.6
2023-06-17,28.0,23.8,25.9,1.6,1.6,7.7
2023-06-18,28.9,24.3,26.6,0.8,0.8,11.4
2023-06-19,28.6,23.6,25.8,8.7,8.7,11.3
2023-06-20,29.8,22.7,26.4,8.2,8.2,9.7
2023-06-21,29.8,23.4,26.4,13.8,13.8,9.2
2023-06-22,30.2,24.3,27.0,0.7,0.7,8.9
2023-06-23,28.9,23.5,26.4,2.0,2.0,6.7
2023-06-24,29.8,23.8,26.4,2.5,2.5,8.2
2023-06-25,29.3,24.0,26.0,0.4,0.4,10.2
2023-06-26,29.3,22.9,26.0,1.6,1.6,7.8
2023-06-27,30.6,23.2,26.6,0.2,0.2,11.1
2023-06-28,31.8,23.2,27.2,1.2,1.2,10.1
2023-06-29,30.7,23.3,27.2,0.5,0.5,11.9
2023-06-30,31.4,23.6,27.1,0.3,0.3,9.0
2023-07-01,31.7,23.2,27.3,2.1,2.1,13.5
2023-07-02,32.1,23.9,27.1,1.8,1.8,14.2
2023-07-03,30.9,23.5,26.5,7.5,7.5,11.6
2023-07-04,30.9,23.2,26.7,2.9,2.9,6.9
2023-07-05,31.5,23.9,27.0,5.0,5.0,11.4
2023-07-06,29.7,23.4,26.3,4.1,4.1,11.4
2023-07-07,30.7,23.8,26.1,11.7,11.7,10.3
2023-07-08,29.4,23.7,25.7,9.6,9.6,13.7
2023-07-09,30.5,22.4,26.4,1.0,1.0,16.6
2023-07-10,29.3,23.6,25.6,17.5,17.5,12.1
2023-07-11,30.0,23.7,26.5,0.9,0.9,11.7
2023-07-12,31.0,22.5,26.7,1.2,1.2,10.3
2023-07-13,30.9,23.0,26.5,0.8,0.8,14.5
2023-07-14,31.3,22.0,26.8,2.6,2.6,11.6
2023-07-15,29.9,23.1,26.0,18.2,18.2,8.7
2023-07-16,29.8,22.7,26.2,1.6,1.6,8.9
2023-07-17,30.8,23.0,26.6,0.6,0.6,6.7
2023-07-18,31.9,22.6,26.7,0.1,0.1,15.0
2023-07-19,32.4,20.9,26.5,0.2,0.2,10.2
2023-07-20,31.9,22.3,26.8,0.0,0.0,13.0
2023-07-21,32.7,22.3,27.2,0.4,0.4,13.8
2023-07-22,31.9,24.4,27.8,2.3,2.3,10.7
2023-07-23,31.9,23.3,27.5,0.7,0.7,13.8
2023-07-24,30.7,23.6,26.6,3.3,3.3,9.0
2023-07-25,31.8,22.3,26.6,1.5,1.5,14.8
2023-07-26,30.4,22.2,26.3,1.0,1.0,11.5
2023-07-27,31.1,23.5,27.1,1.0,1.0,8.0
2023-07-28,32.6,23.3,27.7,0.2,0.2,13.9
2023-07-29,33.0,22.7,27.6,0.1,0.1,14.6
2023-07-30,33.0,22.7,27.5,0.2,0.2,11.0
2023-07-31,32.7,23.3,27.4,0.7,0.7,18.4
2023-08-01,33.0,23.2,27.6,0.0,0.0,18.4
2023-08-02,32.1,23.8,27.5,0.9,0.9,11.8
2023-08-03,32.8,23.9,27.8,2.1,2.1,11.2
2023-08-04,34.1,23.3,28.0,1.9,1.9,12.7
2023-08-05,33.3,23.9,28.2,0.4,0.4,14.4
2023-08-06,33.2,23.0,28.0,0.3,0.3,12.0
2023-08-07,32.9,23.4,28.0,0.1,0.1,11.5
2023-08-08,33.3,23.7,27.7,1.8,1.8,13.9
2023-08-09,32.4,22.8,27.4,0.0,0.0,17.6
2023-08-10,32.9,23.1,27.9,0.5,0.5,11.8
2023-08-11,31.5,22.7,27.4,1.5,1.5,9.2
2023-08-12,31.5,22.9,27.1,1.3,1.3,11.3
2023-08-13,32.5,22.6,27.4,0.0,0.0,12.8
2023-08-14,32.8,22.1,27.2,0.6,0.6,11.2
2023-08-15,32.6,22.4,27.3,1.6,1.6,10.7
2023-08-16,32.9,22.4,27.3,1.1,1.1,12.1
2023-08-17,32.3,23.5,27.8,0.6,0.6,12.0
2023-08-18,32.3,23.2,27.6,0.9,0.9,15.3
2023-08-19,32.9,23.6,27.9,0.3,0.3,14.8
2023-08-20,33.4,23.4,28.0,0.9,0.9,13.2
2023-08-21,31.9,23.2,27.6,1.0,1.0,9.5
2023-08-22,33.4,23.1,27.8,0.3,0.3,13.5
2023-08-23,32.1,23.9,27.9,0.8,0.8,9.8
2023-08-24,33.0,23.9,28.3,0.3,0.3,17.6
2023-08-25,32.9,23.7,27.9,1.6,1.6,11.0
2023-08-26,32.3,23.9,27.8,1.1,1.1,10.8
2023-08-27,31.2,23.9,27.4,1.6,1.6,14.5
2023-08-28,30.9,23.5,26.8,1.9,1.9,11.8
2023-08-29,32.9,22.4,27.5,0.0,0.0,14.1
2023-08-30,32.9,22.8,27.4,0.2,0.2,16.9
2023-08-31,33.1,20.9,27.3,0.0,0.0,20.4
2023-09-01,32.9,21.8,27.4,0.0,0.0,14.8
2023-09-02,31.5,22.8,27.4,0.5,0.5,16.6
2023-09-03,31.8,24.2,27.8,0.4,0.4,14.5
2023-09-04,33.7,22.3,27.9,0.2,0.2,13.5
2023-09-05,33.8,22.1,27.6,0.0,0.0,15.1
2023-09-06,33.7,21.5,27.9,0.0,0.0,15.1
2023-09-07,33.2,23.2,28.2,0.0,0.0,13.4
2023-09-08,33.4,23.8,28.2,0.2,0.2,15.5
2023-09-09,31.4,23.2,26.5,4.3,4.3,10.7
2023-09-10,33.1,21.3,27.3,0.1,0.1,17.8
2023-09-11,33.2,22.8,28.0,0.0,0.0,13.2
2023-09-12,34.5,23.8,28.8,0.0,0.0,14.8
2023-09-13,32.3,24.1,27.8,1.9,1.9,14.4
2023-09-14,32.7,23.4,27.7,1.4,1.4,16.7
2023-09-15,33.6,23.5,28.1,0.3,0.3,14.3
2023-09-16,33.2,23.8,28.5,0.1,0.1,16.6
2023-09-17,32.5,24.1,28.4,0.9,0.9,14.1
2023-09-18,33.1,24.5,28.6,1.2,1.2,12.6
2023-09-19,32.0,22.9,27.8,2.0,2.0,14.2
2023-09-20,34.0,22.4,28.1,0.0,0.0,12.3
2023-09-21,32.3,24.0,28.1,1.3,1.3,15.3
2023-09-22,36.6,22.2,28.4,0.0,0.0,21.2
2023-09-23,31.6,22.2,27.2,0.4,0.4,14.5
2023-09-24,33.3,23.2,27.7,0.8,0.8,15.6
2023-09-25,33.6,22.4,28.2,0.0,0.0,21.2
2023-09-26,33.0,23.6,28.3,1.0,1.0,11.6
2023-09-27,34.4,23.4,28.5,0.0,0.0,14.5
2023-09-28,35.2,23.7,28.8,0.0,0.0,22.1
2023-09-29,34.6,23.9,28.5,1.5,1.5,13.0
2023-09-30,32.8,23.4,27.9,0.4,0.4,11.8
2023-10-01,33.3,23.3,27.8,1.7,1.7,14.9
2023-10-02,32.7,22.3,27.7,2.0,2.0,13.2
2023-10-03,33.1,22.6,27.9,0.0,0.0,16.0
2023-10-04,33.1,23.2,28.0,1.2,1.2,12.0
2023-10-05,33.4,23.9,28.5,0.3,0.3,17.1
2023-10-06,33.9,23.4,28.6,0.2,0.2,11.2
2023-10-07,33.8,24.2,28.5,0.7,0.7,11.4
2023-10-08,34.2,24.2,29.1,0.6,0.6,12.4
2023-10-09,33.4,24.4,27.9,2.9,2.9,18.8
2023-10-10,34.7,23.8,28.9,0.8,0.8,16.0
2023-10-11,34.4,25.7,29.0,1.3,1.3,11.8
2023-10-12,34.4,24.0,28.8,1.8,1.8,15.3
2023-10-13,33.1,24.2,28.5,1.6,1.6,16.5
2023-10-14,33.9,25.4,28.7,2.3,2.3,11.6
2023-10-15,34.1,24.4,28.9,1.0,1.0,11.3
2023-10-16,35.1,24.0,29.2,0.8,0.8,15.4
2023-10-17,35.7,24.6,29.6,0.9,0.9,9.9
2023-10-18,34.7,24.9,29.5,0.3,0.3,10.8
2023-10-19,33.5,25.2,29.0,0.2,0.2,22.2
2023-10-20,33.9,25.2,29.1,0.8,0.8,12.1
2023-10-21,34.6,24.6,29.2,0.4,0.4,12.1
2023-10-22,34.6,24.7,29.6,0.0,0.0,11.3
2023-10-23,34.0,24.9,29.3,0.9,0.9,10.4
2023-10-24,33.8,24.5,28.5,1.2,1.2,12.4
2023-10-25,33.6,23.4,28.0,3.0,3.0,10.5
2023-10-26,33.8,24.6,28.9,1.1,1.1,9.7
2023-10-27,34.7,24.0,29.1,0.3,0.3,10.1
2023-10-28,36.0,24.7,29.7,0.0,0.0,17.7
2023-10-29,35.4,24.2,29.4,0.0,0.0,13.8
2023-10-30,34.7,24.2,29.1,0.2,0.2,15.6
2023-10-31,34.7,24.3,29.0,0.4,0.4,14.8
2023-11-01,34.4,24.7,28.8,1.9,1.9,10.6
2023-11-02,34.1,25.1,29.1,1.4,1.4,11.8
2023-11-03,33.5,24.5,28.7,2.6,2.6,13.1
2023-11-04,32.7,24.5,27.8,7.8,7.8,14.8
2023-11-05,30.7,23.3,26.2,10.2,10.2,11.8
2023-11-06,32.2,23.9,27.8,2.5,2.5,8.0
2023-11-07,32.6,24.3,28.6,1.0,1.0,7.8
2023-11-08,32.5,24.0,28.3,1.2,1.2,15.3
2023-11-09,34.3,23.6,28.7,1.7,1.7,16.9
2023-11-10,34.3,24.2,28.3,3.9,3.9,13.8
2023-11-11,32.4,24.1,28.2,0.9,0.9,12.0
2023-11-12,32.2,24.1,28.1,1.0,1.0,10.8
2023-11-13,32.9,24.2,28.4,0.8,0.8,14.5
2023-11-14,31.5,24.0,27.6,5.7,5.7,14.1
2023-11-15,33.4,24.2,28.4,0.4,0.4,11.3
2023-11-16,33.8,24.4,29.0,1.5,1.5,10.2
2023-11-17,33.6,24.9,29.0,0.6,0.6,7.6
2023-11-18,33.2,24.5,28.5,0.9,0.9,8.8
2023-11-19,34.2,24.7,29.4,1.6,1.6,13.2
2023-11-20,33.2,25.7,29.0,2.8,2.8,9.3
2023-11-21,34.1,25.1,29.1,2.3,2.3,13.0
2023-11-22,34.1,24.4,28.6,1.0,1.0,13.5
2023-11-23,33.5,24.2,28.8,0.0,0.0,8.0
2023-11-24,32.1,24.1,27.6,12.3,12.3,13.8
2023-11-25,28.0,24.0,25.7,6.4,6.4,11.5
2023-11-26,32.3,23.4,26.9,3.2,3.2,10.4
2023-11-27,28.8,23.1,25.4,18.6,18.6,10.5
2023-11-28,30.2,23.1,26.3,5.3,5.3,9.6
2023-11-29,30.9,23.3,26.7,8.7,8.7,13.4
2023-11-30,30.1,23.2,25.7,20.8,20.8,11.3
2023-12-01,27.3,23.9,25.4,6.1,6.1,8.6
2023-12-02,30.6,24.3,26.8,7.9,7.9,11.4
2023-12-03,29.0,23.7,25.8,10.5,10.5,6.5
2023-12-04,27.7,23.7,25.2,9.2,9.2,9.5
2023-12-05,30.3,23.3,26.4,5.3,5.3,8.9
2023-12-06,30.4,23.7,26.6,6.6,6.6,6.6
2023-12-07,29.6,24.0,26.7,1.7,1.7,11.7
2023-12-08,31.0,24.1,27.4,0.6,0.6,15.0
2023-12-09,30.8,24.1,26.9,1.2,1.2,9.1
2023-12-10,32.1,23.6,27.2,3.1,3.1,10.1
2023-12-11,32.2,23.7,27.6,0.9,0.9,9.9
2023-12-12,33.8,22.7,27.8,0.3,0.3,10.7
2023-12-13,32.2,22.6,27.5,0.9,0.9,20.3
2023-12-14,33.1,23.4,28.2,0.6,0.6,15.6
2023-12-15,34.3,23.2,28.2,0.1,0.1,19.8
2023-12-16,33.1,22.6,27.4,0.0,0.0,22.4
2023-12-17,33.8,22.3,27.8,0.0,0.0,20.2
2023-12-18,33.8,22.7,28.3,0.4,0.4,18.3
2023-12-19,35.0,23.5,28.7,0.0,0.0,23.2
2023-12-20,34.4,20.2,27.3,0.0,0.0,21.2
2023-12-21,33.4,21.1,27.5,0.0,0.0,18.4
2023-12-22,34.3,23.4,28.7,0.0,0.0,18.6
2023-12-23,34.3,25.3,29.4,1.1,1.1,19.0
2023-12-24,34.2,25.2,28.9,1.0,1.0,12.9
2023-12-25,32.0,23.2,26.9,14.1,14.1,10.6
2023-12-26,31.8,24.1,27.1,4.9,4.9,8.4
2023-12-27,31.7,24.7,27.2,14.6,14.6,7.2
2023-12-28,32.0,23.7,27.5,1.6,1.6,9.7
2023-12-29,32.7,24.1,27.8,2.7,2.7,8.4
2023-12-30,31.5,24.4,27.5,4.1,4.1,12.7
2023-12-31,32.3,24.5,27.8,1.3,1.3,10.5
2024-01-01,31.6,24.6,27.1,10.9,10.9,12.8
2024-01-02,32.5,24.6,27.9,2.4,2.4,6.6
2024-01-03,27.9,23.8,25.7,25.2,25.2,13.7
2024-01-04,28.8,23.6,25.4,22.2,22.2,13.5
2024-01-05,30.9,23.4,26.5,4.7,4.7,8.9
2024-01-06,30.7,23.5,26.8,1.3,1.3,17.3
2024-01-07,30.1,24.1,26.8,10.1,10.1,16.9
2024-01-08,29.9,24.5,27.0,1.3,1.3,11.8
2024-01-09,31.1,24.0,27.2,0.8,0.8,17.2
2024-01-10,30.6,24.4,27.2,4.5,4.5,15.3
2024-01-11,29.6,24.6,26.4,12.6,12.6,18.4
2024-01-12,30.6,24.2,26.6,13.4,13.4,19.9
2024-01-13,29.8,24.6,26.8,2.6,2.6,20.9
2024-01-14,30.5,24.8,27.1,1.8,1.8,14.9
2024-01-15,30.8,25.1,27.6,1.5,1.5,16.6
2024-01-16,31.4,24.4,27.6,0.6,0.6,19.8
2024-01-17,31.2,24.2,27.1,6.0,6.0,15.8
2024-01-18,29.4,24.7,26.2,5.0,5.0,19.2
2024-01-19,25.4,23.9,24.6,42.7,42.7,18.3
2024-01-20,30.3,24.1,27.1,6.0,6.0,25.6
2024-01-21,29.9,25.0,27.0,2.1,2.1,21.8
2024-01-22,31.3,24.8,27.7,0.3,0.3,20.3
2024-01-23,30.7,25.5,27.8,0.5,0.5,21.7
2024-01-24,29.4,25.6,26.8,4.0,4.0,21.2
2024-01-25,30.5,24.8,27.4,0.1,0.1,18.6
2024-01-26,30.3,23.6,26.6,2.5,2.5,12.7
2024-01-27,29.4,22.9,25.3,34.0,34.0,10.2
2024-01-28,30.5,23.7,26.1,17.0,17.0,12.7
2024-01-29,29.1,23.7,25.9,40.6,40.6,11.8
2024-01-30,29.8,23.5,25.8,42.9,42.9,12.7
2024-01-31,29.7,24.0,26.1,24.4,24.4,11.6
2024-02-01,29.7,24.3,26.1,24.8,24.8,12.7
2024-02-02,30.0,24.2,26.6,4.0,4.0,18.1
2024-02-03,27.1,24.4,25.5,18.5,18.5,17.1
2024-02-04,30.0,23.9,26.6,13.5,13.5,15.1
2024-02-05,28.3,23.6,25.8,10.4,10.4,10.9
2024-02-06,26.9,24.1,25.3,18.3,18.3,20.4
2024-02-07,29.5,23.4,26.0,4.0,4.0,16.5
2024-02-08,30.4,23.2,26.8,1.2,1.2,14.8
2024-02-09,31.0,22.6,26.7,1.3,1.3,12.0
2024-02-10,29.9,23.7,25.9,8.8,8.8,15.8
2024-02-11,31.1,24.3,27.0,1.1,1.1,13.3
2024-02-12,31.0,23.3,27.1,4.2,4.2,14.1
2024-02-13,30.9,23.9,27.2,1.4,1.4,13.2
2024-02-14,30.4,24.3,26.8,6.3,6.3,10.1
2024-02-15,30.3,24.4,26.7,10.8,10.8,9.0
2024-02-16,29.2,24.3,26.2,28.5,28.5,10.1
2024-02-17,30.1,24.0,26.2,29.9,29.9,10.7
2024-02-18,30.3,24.2,26.9,5.0,5.0,8.7
2024-02-19,30.3,24.2,26.6,3.6,3.6,7.4
2024-02-20,31.2,24.1,27.5,1.0,1.0,9.7
2024-02-21,29.3,24.7,26.8,9.6,9.6,13.4
2024-02-22,30.5,25.0,27.4,0.5,0.5,17.6
2024-02-23,30.9,26.0,28.2,0.2,0.2,20.1
2024-02-24,30.4,25.5,27.4,4.0,4.0,14.1
2024-02-25,29.6,23.8,25.8,39.1,39.1,11.0
2024-02-26,30.6,24.2,27.1,0.9,0.9,13.4
2024-02-27,30.3,24.4,27.0,15.7,15.7,13.5
2024-02-28,29.6,24.0,26.2,16.9,16.9,9.5
2024-02-29,29.5,24.5,26.3,17.5,17.5,10.6
2024-03-01,31.2,24.0,27.1,8.2,8.2,10.8
2024-03-02,29.5,24.5,26.3,32.6,32.6,9.3
2024-03-03,30.5,23.7,26.5,4.2,4.2,10.7
2024-03-04,30.7,24.9,27.2,2.7,2.7,18.1
2024-03-05,29.0,26.1,27.2,8.3,8.3,23.5
2024-03-06,29.8,26.0,27.4,7.8,7.8,18.8
2024-03-07,29.3,24.9,26.7,12.7,12.7,19.8
2024-03-08,29.4,25.6,27.0,4.2,4.2,25.9
2024-03-09,27.6,24.5,25.8,11.7,11.7,10.6
2024-03-10,30.4,24.0,26.4,2.0,2.0,11.5
2024-03-11,30.3,24.1,26.4,16.3,16.3,18.8
2024-03-12,30.5,25.0,27.2,4.2,4.2,14.8
2024-03-13,30.2,24.8,26.9,6.2,6.2,13.0
2024-03-14,28.3,24.1,26.1,12.2,12.2,17.1
2024-03-15,29.1,24.5,26.2,5.6,5.6,22.9
2024-03-16,27.8,23.6,25.2,35.2,35.2,22.1
2024-03-17,28.8,23.6,25.8,25.9,25.9,23.4
2024-03-18,29.9,23.9,26.8,4.0,4.0,19.7
2024-03-19,30.3,24.7,27.4,0.6,0.6,21.3
2024-03-20,30.7,24.3,27.2,0.0,0.0,18.3
2024-03-21,30.1,24.2,26.8,7.5,7.5,14.1
2024-03-22,29.3,24.3,26.3,3.4,3.4,9.6
2024-03-23,31.4,23.5,27.4,0.6,0.6,8.1
2024-03-24,31.4,24.7,27.4,3.2,3.2,8.7
2024-03-25,30.2,24.0,26.4,17.9,17.9,11.0
2024-03-26,30.9,24.0,27.1,3.4,3.4,14.8
2024-03-27,30.2,23.7,26.4,6.0,6.0,8.1
2024-03-28,30.7,23.5,26.6,8.5,8.5,9.7
2024-03-29,31.1,23.3,27.2,0.6,0.6,8.7
2024-03-30,31.3,24.0,27.2,8.4,8.4,10.6
2024-03-31,30.5,23.5,26.6,4.9,4.9,8.8
2024-04-01,30.4,24.1,26.9,0.9,0.9,9.3
2024-04-02,30.1,23.9,26.5,6.9,6.9,12.2
2024-04-03,30.0,24.7,26.7,7.9,7.9,8.3
2024-04-04,30.5,24.2,26.8,15.8,15.8,10.4
2024-04-05,31.0,24.0,27.0,4.0,4.0,7.9
2024-04-06,30.9,25.1,27.4,9.6,9.6,11.3
2024-04-07,31.5,24.0,27.8,0.3,0.3,14.1
2024-04-08,31.2,23.0,27.3,1.7,1.7,15.6
2024-04-09,32.4,23.7,27.7,0.8,0.8,11.2
2024-04-10,31.7,23.6,27.5,2.2,2.2,18.5
2024-04-11,30.3,24.2,26.9,5.2,5.2,13.0
2024-04-12,29.6,23.6,25.9,12.3,12.3,10.5
2024-04-13,31.1,24.1,27.2,8.0,8.0,10.0
2024-04-14,31.0,23.4,26.7,8.8,8.8,7.3
2024-04-15,30.0,23.9,26.9,3.9,3.9,14.7
2024-04-16,30.8,24.2,27.0,2.3,2.3,13.9
2024-04-17,31.2,24.2,27.0,6.6,6.6,10.4
2024-04-18,30.1,24.2,26.6,5.8,5.8,11.6
2024-04-19,30.3,23.3,26.6,3.2,3.2,10.8
2024-04-20,29.2,24.4,26.4,6.5,6.5,13.9
2024-04-21,28.6,23.9,26.1,23.1,23.1,7.9
2024-04-22,31.1,23.9,27.4,0.2,0.2,11.2
2024-04-23,29.5,24.3,26.8,12.0,12.0,10.2
2024-04-24,30.2,24.0,26.9,1.6,1.6,9.6
2024-04-25,29.4,24.7,26.7,11.0,11.0,10.7
2024-04-26,31.1,24.2,26.7,14.9,14.9,11.8
2024-04-27,30.2,23.9,26.1,11.6,11.6,13.0
2024-04-28,31.5,23.4,27.5,0.1,0.1,9.7
2024-04-29,31.2,25.1,27.9,1.6,1.6,14.2
2024-04-30,30.5,24.8,27.2,1.5,1.5,13.0
2024-05-01,29.5,23.8,26.6,9.2,9.2,9.7
2024-05-02,30.4,24.3,26.9,7.9,7.9,10.0
2024-05-03,31.3,24.1,27.2,5.1,5.1,10.5
2024-05-04,31.3,23.6,27.2,1.6,1.6,12.2
2024-05-05,30.6,23.9,27.2,4.6,4.6,10.1
2024-05-06,30.7,24.3,26.8,3.7,3.7,10.9
2024-05-07,31.6,23.3,27.4,0.0,0.0,9.2
2024-05-08,30.4,24.4,27.4,0.7,0.7,7.2
2024-05-09,31.0,24.2,27.6,0.6,0.6,12.2
2024-05-10,30.9,24.8,27.7,4.1,4.1,15.3
2024-05-11,31.3,24.2,27.1,10.1,10.1,12.8
2024-05-12,31.7,23.9,27.0,11.2,11.2,13.2
2024-05-13,30.5,24.0,26.8,8.3,8.3,8.3
2024-05-14,29.1,23.8,26.4,10.2,10.2,12.9
2024-05-15,31.9,23.9,27.6,9.9,9.9,14.9
2024-05-16,31.0,24.5,27.1,2.6,2.6,7.6
2024-05-17,31.8,23.9,27.7,0.2,0.2,8.7
2024-05-18,31.5,24.4,27.5,0.1,0.1,8.5
2024-05-19,32.1,24.1,28.2,0.1,0.1,7.6
2024-05-20,31.7,24.3,28.0,1.3,1.3,10.4
2024-05-21,32.2,24.1,28.1,0.4,0.4,8.4
2024-05-22,30.5,24.7,27.0,20.6,20.6,12.0
2024-05-23,29.5,24.2,26.2,17.4,17.4,10.5
2024-05-24,29.8,23.8,26.4,29.9,29.9,8.1
2024-05-25,26.4,24.0,25.0,14.2,14.2,9.5
2024-05-26,30.5,24.5,27.1,0.2,0.2,13.4
2024-05-27,31.8,24.2,27.6,1.1,1.1,11.2
2024-05-28,31.6,24.2,27.7,1.4,1.4,8.3
2024-05-29,31.4,24.1,27.1,2.4,2.4,12.1
2024-05-30,31.0,24.1,27.6,1.8,1.8,8.7
2024-05-31,31.8,24.1,27.8,1.0,1.0,7.0
2024-06-01,31.0,24.2,27.6,4.1,4.1,9.8
2024-06-02,31.2,24.2,27.1,14.7,14.7,10.3
2024-06-03,30.5,23.4,26.5,3.1,3.1,9.0
2024-06-04,31.5,24.0,27.4,0.3,0.3,10.7
2024-06-05,31.7,23.9,27.5,1.2,1.2,7.1
2024-06-06,31.5,24.2,27.5,0.2,0.2,13.2
2024-06-07,30.9,23.2,26.9,0.5,0.5,7.4
2024-06-08,31.6,23.6,27.3,4.9,4.9,13.5
2024-06-09,30.9,23.3,26.6,4.5,4.5,10.0
2024-06-10,31.9,23.7,27.7,1.0,1.0,11.2
2024-06-11,29.4,24.0,26.3,12.4,12.4,14.5
2024-06-12,30.3,23.4,26.0,7.0,7.0,11.4
2024-06-13,29.6,23.0,26.2,4.8,4.8,13.7
2024-06-14,30.6,23.6,26.8,6.8,6.8,10.0
2024-06-15,30.6,23.2,26.5,11.5,11.5,10.1
2024-06-16,29.5,23.4,26.1,12.4,12.4,10.2
2024-06-17,29.7,24.1,26.6,1.2,1.2,8.1
2024-06-18,30.4,23.6,26.4,2.2,2.2,11.3
2024-06-19,30.6,23.0,26.8,1.0,1.0,13.8
2024-06-20,30.8,23.4,26.9,0.1,0.1,14.8
2024-06-21,31.2,22.8,27.0,0.1,0.1,9.3
2024-06-22,29.3,23.1,25.6,2.8,2.8,14.1
2024-06-23,31.8,21.8,26.7,0.0,0.0,8.6
2024-06-24,31.1,23.1,26.6,4.7,4.7,11.8
2024-06-25,29.9,23.5,25.8,15.7,15.7,11.3
2024-06-26,30.1,23.4,26.7,0.5,0.5,17.8
2024-06-27,30.2,24.3,26.8,4.1,4.1,14.1
2024-06-28,29.9,24.1,26.6,4.1,4.1,13.3
2024-06-29,30.4,23.2,25.8,4.4,4.4,10.2
2024-06-30,30.9,23.1,26.7,0.2,0.2,8.1
2024-07-01,30.4,23.6,26.7,2.8,2.8,11.1
2024-07-02,29.1,23.5,26.1,4.4,4.4,8.7
2024-07-03,31.1,23.4,26.4,1.3,1.3,10.5
2024-07-04,30.0,23.4,26.2,3.7,3.7,11.5
2024-07-05,29.1,23.4,25.6,19.8,19.8,18.0
2024-07-06,25.9,22.6,24.2,32.7,32.7,17.4
2024-07-07,29.4,23.1,25.5,1.4,1.4,11.4
2024-07-08,30.1,23.5,26.2,6.3,6.3,9.2
2024-07-09,28.6,23.0,25.8,22.7,22.7,13.9
2024-07-10,30.1,23.7,26.5,0.0,0.0,11.6
2024-07-11,30.3,22.0,26.1,0.2,0.2,12.1
2024-07-12,30.0,22.8,26.1,0.2,0.2,6.0
2024-07-13,30.4,21.3,25.3,0.0,0.0,12.6
2024-07-14,29.9,21.3,25.5,0.0,0.0,9.1
2024-07-15,30.6,21.1,25.5,0.0,0.0,12.6
2024-07-16,31.0,21.6,26.0,0.0,0.0,7.9
2024-07-17,30.3,22.1,26.2,0.3,0.3,12.8
2024-07-18,30.6,23.1,26.8,0.1,0.1,9.2
2024-07-19,30.9,23.2,27.0,0.9,0.9,9.7
2024-07-20,31.3,23.5,27.1,0.0,0.0,10.9
2024-07-21,31.9,23.1,27.1,0.0,0.0,11.1
2024-07-22,31.4,23.3,26.8,0.0,0.0,14.8
2024-07-23,31.4,22.9,26.5,0.0,0.0,15.3
2024-07-24,31.7,21.2,26.3,0.1,0.1,12.2
2024-07-25,30.9,21.3,26.2,0.6,0.6,7.8
2024-07-26,31.2,22.2,26.6,0.4,0.4,9.5
2024-07-27,32.6,23.4,27.4,0.3,0.3,15.5
2024-07-28,31.6,23.0,27.2,0.6,0.6,10.3
2024-07-29,31.7,23.3,27.3,0.4,0.4,10.5
2024-07-30,32.4,22.4,27.2,0.1,0.1,13.0
2024-07-31,32.5,22.7,27.2,0.0,0.0,15.1
2024-08-01,31.8,22.2,27.2,0.2,0.2,16.3
2024-08-02,31.4,22.9,26.5,3.1,3.1,11.3
2024-08-03,31.9,22.6,26.1,5.2,5.2,12.0
2024-08-04,31.1,23.5,27.1,0.0,0.0,9.6
2024-08-05,29.8,22.7,25.5,13.6,13.6,10.7
2024-08-06,32.1,22.4,27.0,0.0,0.0,10.3
2024-08-07,31.3,22.5,27.0,0.8,0.8,6.0
2024-08-08,30.8,23.9,27.0,1.8,1.8,8.0
2024-08-09,32.5,23.7,27.8,0.2,0.2,16.4
2024-08-10,31.9,23.3,27.2,2.6,2.6,9.5
2024-08-11,30.4,22.5,26.6,0.6,0.6,10.9
2024-08-12,30.7,23.0,26.9,0.4,0.4,9.3
2024-08-13,31.8,21.1,26.5,0.0,0.0,11.7
2024-08-14,32.5,22.3,27.0,0.0,0.0,14.8
2024-08-15,31.8,22.9,27.2,1.2,1.2,15.5
2024-08-16,31.7,23.6,27.7,1.1,1.1,15.1
2024-08-17,32.6,24.2,27.7,0.1,0.1,10.9
2024-08-18,32.2,22.4,27.5,0.5,0.5,9.8
2024-08-19,32.2,23.4,27.7,0.0,0.0,10.0
2024-08-20,32.6,22.3,27.4,0.0,0.0,12.0
2024-08-21,32.7,23.1,28.0,0.0,0.0,13.6
2024-08-22,32.8,24.3,28.3,0.2,0.2,16.6
2024-08-23,31.5,23.3,27.6,2.9,2.9,12.6
2024-08-24,31.7,23.1,27.6,1.9,1.9,15.2
2024-08-25,31.3,22.6,27.3,1.3,1.3,10.0
2024-08-26,32.1,23.0,27.5,1.6,1.6,14.9
2024-08-27,33.7,22.6,28.7,0.2,0.2,12.4
2024-08-28,33.3,24.8,28.8,0.0,0.0,15.9
2024-08-29,33.2,24.3,28.2,0.3,0.3,15.2
2024-08-30,32.4,23.5,27.7,0.7,0.7,16.2
2024-08-31,32.9,23.2,28.0,0.8,0.8,12.6
2024-09-01,33.6,23.8,28.3,0.0,0.0,12.8
2024-09-02,33.3,24.1,28.4,0.9,0.9,10.5
2024-09-03,33.4,24.1,28.2,2.7,2.7,16.4
2024-09-04,31.8,23.9,27.9,3.1,3.1,15.6
2024-09-05,32.8,23.0,27.9,1.4,1.4,10.3
2024-09-06,33.4,24.4,28.6,0.7,0.7,15.1
2024-09-07,33.3,23.8,28.5,0.1,0.1,13.7
2024-09-08,33.5,24.4,28.9,3.5,3.5,13.1
2024-09-09,32.3,23.5,26.7,24.3,24.3,10.5
2024-09-10,29.8,23.8,26.1,7.6,7.6,10.9
2024-09-11,32.6,23.7,27.3,0.0,0.0,14.8
2024-09-12,31.4,23.9,27.4,0.6,0.6,12.2
2024-09-13,30.8,23.9,27.1,0.8,0.8,12.8
2024-09-14,33.5,22.7,27.7,0.6,0.6,10.3
2024-09-15,33.8,22.8,27.9,0.3,0.3,12.0
2024-09-16,33.2,23.0,28.0,0.9,0.9,14.0
2024-09-17,32.2,23.3,28.0,0.5,0.5,17.5
2024-09-18,34.2,20.4,27.5,0.0,0.0,14.7
2024-09-19,33.3,22.8,27.5,0.1,0.1,18.2
2024-09-20,33.5,22.6,27.6,0.3,0.3,19.6
2024-09-21,33.6,22.1,27.9,0.0,0.0,15.5
2024-09-22,33.6,24.3,28.9,0.6,0.6,10.8
2024-09-23,33.9,25.2,28.8,2.4,2.4,17.1
2024-09-24,31.6,24.8,27.5,7.1,7.1,12.9
2024-09-25,32.7,23.8,27.4,5.9,5.9,13.0
2024-09-26,32.7,23.2,27.0,6.7,6.7,9.4
2024-09-27,32.6,23.3,27.6,1.4,1.4,12.1
2024-09-28,31.8,23.9,27.3,3.0,3.0,10.9
2024-09-29,32.5,23.7,27.8,2.8,2.8,12.7
2024-09-30,32.4,23.3,27.8,0.8,0.8,10.8
2024-10-01,33.6,24.0,28.7,1.0,1.0,9.0
2024-10-02,33.7,25.2,28.9,1.0,1.0,11.2
2024-10-03,32.9,25.1,27.9,2.2,2.2,10.6
2024-10-04,33.1,24.0,27.5,3.3,3.3,10.1
2024-10-05,32.2,23.1,27.1,0.7,0.7,11.6
2024-10-06,33.3,23.6,28.0,3.3,3.3,11.0
2024-10-07,33.8,23.2,28.3,0.7,0.7,11.6
2024-10-08,34.2,23.8,29.2,0.1,0.1,10.1
2024-10-09,34.0,25.0,29.5,0.7,0.7,12.5
2024-10-10,34.0,25.2,29.2,0.9,0.9,12.4
2024-10-11,34.9,25.1,29.1,2.4,2.4,14.6
2024-10-12,32.1,24.7,27.6,1.3,1.3,12.4
2024-10-13,30.8,24.5,26.9,6.5,6.5,17.4
2024-10-14,32.9,23.0,28.0,0.6,0.6,16.3
2024-10-15,33.2,25.3,28.7,1.8,1.8,18.3
2024-10-16,34.0,23.8,28.6,0.8,0.8,10.7
2024-10-17,34.3,21.9,28.4,0.1,0.1,13.8
2024-10-18,33.9,23.2,28.3,0.0,0.0,14.8
2024-10-19,34.4,21.3,28.1,0.0,0.0,17.3
2024-10-20,34.2,22.9,28.3,0.0,0.0,22.5
2024-10-21,35.0,21.9,28.1,0.0,0.0,22.1
2024-10-22,35.2,22.9,29.0,0.8,0.8,19.6
2024-10-23,34.6,24.4,29.4,2.6,2.6,13.6
2024-10-24,33.5,24.6,28.8,1.5,1.5,10.2
2024-10-25,36.3,23.7,29.4,0.0,0.0,14.7
2024-10-26,37.6,22.1,29.4,0.0,0.0,20.1
2024-10-27,35.5,23.5,29.7,0.3,0.3,17.3
2024-10-28,36.3,24.1,29.9,0.1,0.1,17.9
2024-10-29,35.2,24.8,29.9,2.6,2.6,13.1
2024-10-30,36.1,24.8,29.6,3.4,3.4,11.2
2024-10-31,34.6,24.9,29.9,0.0,0.0,16.7
2024-11-01,34.8,24.8,29.2,1.9,1.9,12.8
2024-11-02,32.6,25.3,28.0,6.7,6.7,14.3
2024-11-03,29.7,24.0,26.5,21.1,21.1,12.0
2024-11-04,29.0,24.0,26.0,5.4,5.4,8.8
2024-11-05,31.3,24.0,26.7,15.3,15.3,9.7
2024-11-06,29.5,23.8,26.2,12.9,12.9,14.0
2024-11-07,31.1,23.9,27.1,4.4,4.4,13.8
2024-11-08,31.8,23.4,27.5,0.9,0.9,12.9
2024-11-09,31.8,25.0,27.9,0.9,0.9,9.9
2024-11-10,31.4,24.2,27.0,6.7,6.7,11.1
2024-11-11,31.3,23.7,26.7,10.3,10.3,17.6
2024-11-12,30.3,23.7,26.4,11.5,11.5,12.8
2024-11-13,30.5,23.5,26.9,9.0,9.0,13.6
2024-11-14,32.2,23.5,27.8,0.2,0.2,11.2
2024-11-15,32.0,25.0,27.8,4.5,4.5,9.8
2024-11-16,31.3,24.8,27.5,5.7,5.7,10.9
2024-11-17,31.0,24.4,27.1,10.7,10.7,8.8
2024-11-18,29.9,23.8,26.5,14.3,14.3,10.8
2024-11-19,31.9,24.1,27.5,6.4,6.4,18.0
2024-11-20,31.7,24.6,27.3,16.2,16.2,14.4
2024-11-21,31.3,24.0,27.0,10.9,10.9,16.1
2024-11-22,30.5,23.6,26.9,0.5,0.5,20.3
2024-11-23,31.3,25.1,27.7,5.3,5.3,21.2
2024-11-24,32.2,25.2,28.1,1.4,1.4,18.1
2024-11-25,32.3,25.0,28.2,1.5,1.5,17.9
2024-11-26,33.6,24.9,28.5,8.6,8.6,9.9
2024-11-27,30.8,24.8,27.2,27.6,27.6,10.7
2024-11-28,30.3,23.8,27.1,15.2,15.2,13.8
2024-11-29,30.5,25.3,27.3,0.4,0.4,22.1
2024-11-30,32.0,25.9,28.6,2.4,2.4,19.6
2024-12-01,31.9,25.6,28.2,6.3,6.3,24.0
2024-12-02,31.2,24.7,27.0,7.3,7.3,27.1
2024-12-03,27.2,24.2,25.6,23.6,23.6,25.6
2024-12-04,27.6,23.9,25.6,9.6,9.6,24.5
2024-12-05,27.9,24.2,25.9,10.6,10.6,28.1
2024-12-06,28.4,24.1,26.2,10.4,10.4,20.9
2024-12-07,30.2,24.0,26.5,38.1,38.1,10.8
2024-12-08,30.2,24.4,26.7,13.2,13.2,9.4
2024-12-09,29.3,24.2,26.5,20.5,20.5,13.2
2024-12-10,28.8,25.7,26.7,5.7,5.7,25.6
2024-12-11,30.3,25.8,27.6,10.1,10.1,21.9
2024-12-12,30.6,24.9,27.9,3.4,3.4,27.9
2024-12-13,31.0,24.9,28.0,2.8,2.8,24.1
2024-12-14,30.8,25.4,27.6,1.4,1.4,24.0
2024-12-15,27.6,25.0,26.0,19.4,19.4,20.3
2024-12-16,29.4,25.2,26.6,9.6,9.6,17.1
2024-12-17,29.8,24.4,26.8,15.3,15.3,13.7
2024-12-18,29.0,24.7,26.6,5.9,5.9,22.6
2024-12-19,28.9,24.3,26.3,10.1,10.1,21.9
2024-12-20,30.7,23.7,26.6,9.2,9.2,22.5
2024-12-21,30.5,24.5,26.9,8.1,8.1,15.1
2024-12-22,29.9,24.2,26.8,15.7,15.7,13.9
2024-12-23,29.6,24.4,26.3,12.3,12.3,10.9
2024-12-24,27.6,24.1,25.6,11.3,11.3,6.3
2024-12-25,29.4,23.2,26.2,8.4,8.4,10.9
2024-12-26,29.8,24.3,26.7,1.5,1.5,14.7
2024-12-27,30.9,25.1,27.4,1.1,1.1,13.1
2024-12-28,31.8,24.7,27.8,0.0,0.0,15.7
2024-12-29,30.6,24.7,27.2,5.9,5.9,14.8
2024-12-30,29.0,24.3,26.3,14.3,14.3,21.7
2024-12-31,31.0,24.8,27.2,3.0,3.0,20.9
2025-01-01,27.7,23.0,25.2,20.2,20.2,17.3
2025-01-02,31.6,24.4,27.4,2.0,2.0,17.4
2025-01-03,31.2,23.5,27.3,1.6,1.6,16.8
2025-01-04,31.7,24.6,27.9,0.0,0.0,21.5
2025-01-05,29.8,24.8,27.0,1.6,1.6,19.5
2025-01-06,30.9,25.2,27.3,3.4,3.4,22.2
2025-01-07,30.2,24.4,26.3,6.9,6.9,21.4
2025-01-08,29.8,23.5,26.2,24.1,24.1,17.2
2025-01-09,27.0,23.9,25.5,28.7,28.7,10.7
2025-01-10,30.9,22.7,26.3,29.3,29.3,12.8
2025-01-11,30.1,23.2,26.4,1.6,1.6,14.5
2025-01-12,28.5,24.4,26.3,1.3,1.3,18.7
2025-01-13,29.9,23.9,26.7,3.9,3.9,18.8
2025-01-14,27.7,24.1,25.5,8.1,8.1,15.7
2025-01-15,30.0,24.2,26.9,0.5,0.5,17.7
2025-01-16,29.5,24.5,26.5,1.7,1.7,16.2
2025-01-17,28.8,24.0,26.0,11.6,11.6,16.2
2025-01-18,28.4,23.8,25.8,27.2,27.2,19.7
2025-01-19,30.9,23.6,26.4,26.0,26.0,18.4
2025-01-20,27.4,23.5,24.9,18.0,18.0,9.1
2025-01-21,29.3,24.0,25.9,8.9,8.9,14.0
2025-01-22,28.8,23.4,25.7,6.1,6.1,9.0
2025-01-23,29.5,23.9,26.3,0.7,0.7,11.2
2025-01-24,29.2,24.2,26.2,7.9,7.9,18.4
2025-01-25,29.1,24.5,26.3,7.3,7.3,16.7
2025-01-26,29.3,24.6,26.5,3.5,3.5,25.4
2025-01-27,28.6,24.1,26.2,9.5,9.5,18.9
2025-01-28,29.4,23.9,25.5,33.3,33.3,18.9
2025-01-29,28.5,24.1,26.0,8.7,8.7,21.1
2025-01-30,29.1,24.7,26.6,0.0,0.0,23.6
2025-01-31,30.0,24.5,27.0,0.4,0.4,17.5
2025-02-01,30.1,23.9,26.6,1.8,1.8,20.4
2025-02-02,29.8,23.9,27.0,4.4,4.4,18.1
2025-02-03,30.2,23.8,27.1,5.7,5.7,15.4
2025-02-04,31.3,23.6,26.8,4.9,4.9,25.3
2025-02-05,31.2,24.6,27.2,5.4,5.4,17.0
2025-02-06,30.2,25.1,27.0,1.5,1.5,26.5
2025-02-07,29.9,23.9,26.5,33.8,33.8,15.2
2025-02-08,29.8,23.3,25.7,22.6,22.6,14.6
2025-02-09,29.3,22.8,26.2,15.5,15.5,14.2
2025-02-10,30.8,23.0,26.7,1.5,1.5,16.8
2025-02-11,31.0,23.7,27.0,0.4,0.4,12.1
2025-02-12,33.5,22.2,27.9,0.0,0.0,19.8
2025-02-13,31.9,24.1,27.8,2.6,2.6,19.0
2025-02-14,30.8,24.6,27.2,0.2,0.2,24.0
2025-02-15,29.1,24.8,26.7,4.7,4.7,17.5
2025-02-16,29.5,23.6,26.0,9.1,9.1,11.6
2025-02-17,27.6,23.9,25.6,8.3,8.3,19.0
2025-02-18,30.3,23.6,26.0,21.9,21.9,17.1
2025-02-19,28.6,23.2,25.1,12.7,12.7,15.5
2025-02-20,30.3,22.8,26.5,0.1,0.1,12.5
2025-02-21,29.4,23.8,26.3,5.9,5.9,18.2
2025-02-22,28.6,24.2,25.8,9.5,9.5,13.5
2025-02-23,27.8,23.6,25.2,35.9,35.9,13.4
2025-02-24,30.1,22.7,25.9,16.4,16.4,10.3
2025-02-25,29.8,22.8,26.2,0.7,0.7,10.5
2025-02-26,28.2,23.7,25.8,2.8,2.8,9.0
2025-02-27,30.2,23.7,26.5,1.7,1.7,10.9
2025-02-28,30.1,23.5,26.6,1.7,1.7,10.2
2025-03-01,30.4,24.0,26.9,0.8,0.8,12.2
2025-03-02,30.5,23.7,27.2,5.2,5.2,12.6
2025-03-03,30.9,24.7,27.3,7.8,7.8,9.1
2025-03-04,28.1,24.0,25.8,13.4,13.4,8.1
2025-03-05,29.7,24.0,26.6,5.9,5.9,11.9
2025-03-06,30.4,23.1,26.7,0.9,0.9,27.3
2025-03-07,30.1,24.1,26.8,3.3,3.3,20.3
2025-03-08,31.4,24.7,27.0,6.1,6.1,18.6
2025-03-09,29.7,23.8,26.1,2.5,2.5,11.3
2025-03-10,30.0,23.0,26.5,1.9,1.9,10.7
2025-03-11,31.4,24.8,27.6,8.0,8.0,12.9
2025-03-12,31.9,24.3,27.4,5.4,5.4,15.9
2025-03-13,32.7,24.6,28.2,0.7,0.7,17.4
2025-03-14,32.5,25.1,27.8,2.0,2.0,23.8
2025-03-15,28.7,24.5,26.2,8.5,8.5,18.5
2025-03-16,30.1,24.9,27.0,5.1,5.1,22.4
2025-03-17,31.1,24.0,26.5,10.5,10.5,16.8
2025-03-18,30.7,24.1,26.5,13.4,13.4,14.9
2025-03-19,31.0,22.9,26.6,16.0,16.0,11.4
2025-03-20,30.7,24.1,27.0,2.7,2.7,14.8
2025-03-21,31.9,25.1,28.1,5.3,5.3,20.4
2025-03-22,31.7,23.9,27.1,8.4,8.4,16.7
2025-03-23,32.8,25.1,28.8,0.3,0.3,14.6
2025-03-24,32.7,24.6,28.7,1.8,1.8,18.3
2025-03-25,32.1,26.1,28.8,2.3,2.3,18.6
2025-03-26,31.8,25.7,29.0,1.6,1.6,15.3
2025-03-27,32.7,24.6,28.1,8.9,8.9,13.9
2025-03-28,29.9,25.2,27.0,2.3,2.3,19.5
2025-03-29,29.9,25.4,27.2,2.3,2.3,24.4
2025-03-30,30.7,24.7,27.5,0.8,0.8,21.6
2025-03-31,31.9,24.3,27.5,3.9,3.9,19.7
2025-04-01,29.6,24.1,26.5,4.0,4.0,17.9
2025-04-02,30.5,23.8,26.4,12.2,12.2,19.1
2025-04-03,29.7,23.9,26.3,21.4,21.4,11.2
2025-04-04,30.5,23.7,27.0,1.5,1.5,11.9
2025-04-05,30.9,23.6,26.8,5.2,5.2,13.7
2025-04-06,31.6,23.6,27.3,1.6,1.6,13.6
2025-04-07,31.4,23.1,27.3,2.1,2.1,8.4
2025-04-08,31.5,23.8,27.6,3.2,3.2,9.1
2025-04-09,31.9,24.4,27.9,1.6,1.6,16.8
2025-04-10,32.7,24.5,27.8,4.4,4.4,8.3
2025-04-11,32.5,24.0,27.5,1.6,1.6,10.1
2025-04-12,30.2,23.8,26.2,18.6,18.6,8.8
2025-04-13,29.0,24.0,25.9,15.4,15.4,17.9
2025-04-14,29.8,24.5,26.9,3.5,3.5,20.0
2025-04-15,29.9,24.7,26.5,2.8,2.8,17.5
2025-04-16,30.8,24.5,27.0,7.5,7.5,14.0
2025-04-17,29.7,24.0,26.7,4.2,4.2,11.8
2025-04-18,28.7,24.5,26.4,10.8,10.8,16.5
2025-04-19,30.7,24.1,27.1,1.1,1.1,11.7
2025-04-20,31.6,23.7,27.1,2.7,2.7,13.0
2025-04-21,29.7,23.9,26.4,3.6,3.6,14.4
2025-04-22,32.1,24.4,28.2,0.6,0.6,14.2
2025-04-23,30.7,24.3,27.2,4.8,4.8,21.7
2025-04-24,30.5,24.5,27.5,1.7,1.7,21.9
2025-04-25,32.1,23.8,27.8,6.6,6.6,18.0
2025-04-26,33.3,23.6,27.4,5.3,5.3,10.3
2025-04-27,32.6,23.9,27.9,1.5,1.5,10.2
2025-04-28,32.5,24.3,28.3,0.1,0.1,12.7
2025-04-29,32.5,23.9,28.1,2.0,2.0,11.2
2025-04-30,33.0,24.9,28.5,2.1,2.1,14.9
2025-05-01,33.3,24.9,28.7,1.3,1.3,12.2
2025-05-02,32.6,24.4,28.4,1.5,1.5,16.3
2025-05-03,35.2,23.1,28.9,0.8,0.8,8.7
2025-05-04,30.3,24.3,27.2,5.1,5.1,8.7
2025-05-05,32.5,24.4,27.9,2.3,2.3,10.8
2025-05-06,33.6,23.4,28.4,3.3,3.3,9.9
2025-05-07,32.7,25.0,28.4,1.2,1.2,9.6
2025-05-08,32.9,24.3,28.4,1.1,1.1,11.3
2025-05-09,32.7,25.0,28.4,2.0,2.0,19.4
2025-05-10,35.2,23.9,29.1,3.3,3.3,20.8
2025-05-11,33.4,25.2,28.2,5.6,5.6,19.6
2025-05-12,31.4,24.7,27.5,1.3,1.3,19.2
2025-05-13,31.7,25.3,28.2,1.5,1.5,18.4
2025-05-14,32.6,24.4,27.6,7.0,7.0,11.5
2025-05-15,33.4,23.9,28.7,0.0,0.0,9.8
2025-05-16,31.2,24.8,28.1,0.5,0.5,12.7
2025-05-17,32.7,24.5,28.5,0.1,0.1,11.4
2025-05-18,34.1,24.9,29.2,0.0,0.0,15.3
2025-05-19,34.7,24.7,29.5,0.0,0.0,15.5
2025-05-20,33.3,25.2,29.2,0.9,0.9,12.9
2025-05-21,31.3,25.3,27.6,3.8,3.8,8.9
2025-05-22,27.8,24.1,25.7,11.4,11.4,12.1
2025-05-23,28.1,23.6,25.9,17.4,17.4,21.3
2025-05-24,30.7,25.0,26.8,11.8,11.8,18.4
2025-05-25,28.2,23.8,26.0,21.6,21.6,9.9
2025-05-26,27.4,24.2,25.5,44.4,44.4,15.9
2025-05-27,30.7,25.7,27.8,0.3,0.3,15.3
2025-05-28,31.8,24.7,27.9,0.7,0.7,14.7
2025-05-29,31.5,24.0,27.1,4.3,4.3,9.4
2025-05-30,31.6,23.9,27.2,0.0,0.0,10.3
2025-05-31,31.8,24.2,27.8,0.0,0.0,12.5
2025-06-01,32.0,23.1,27.0,0.0,0.0,10.7
2025-06-02,32.6,24.5,27.9,0.7,0.7,9.1
2025-06-03,32.4,22.1,27.2,2.3,2.3,7.1
2025-06-04,32.1,24.3,27.6,0.9,0.9,5.6
2025-06-05,32.1,22.6,27.5,0.2,0.2,9.5
2025-06-06,32.3,24.2,27.7,0.5,0.5,8.7
2025-06-07,31.7,23.5,27.5,1.8,1.8,16.7
2025-06-08,32.8,23.0,27.9,0.0,0.0,9.2
2025-06-09,32.0,24.3,28.1,1.0,1.0,10.2
2025-06-10,30.9,24.4,27.4,1.5,1.5,9.8
2025-06-11,31.6,23.7,27.4,4.4,4.4,13.0
2025-06-12,32.1,24.0,27.3,6.2,6.2,16.2
2025-06-13,32.7,23.8,27.9,0.0,0.0,14.1
2025-06-14,32.0,23.9,27.6,1.9,1.9,18.5
2025-06-15,30.2,24.7,26.7,6.8,6.8,15.1
2025-06-16,31.1,24.1,27.3,1.5,1.5,16.2
2025-06-17,30.3,23.0,26.0,15.5,15.5,8.2
2025-06-18,27.2,23.0,24.9,47.0,47.0,14.8
2025-06-19,25.5,23.4,24.3,41.4,41.4,9.6
2025-06-20,30.0,22.3,25.5,15.3,15.3,8.6
2025-06-21,28.8,22.9,25.3,6.7,6.7,9.2
2025-06-22,29.7,23.5,25.9,14.7,14.7,15.2
2025-06-23,29.3,23.0,25.1,36.1,36.1,14.5
2025-06-24,29.5,22.9,26.0,2.4,2.4,10.5
2025-06-25,31.2,21.9,26.3,0.9,0.9,8.5
2025-06-26,30.9,23.5,26.8,0.0,0.0,8.8
2025-06-27,30.3,23.2,26.7,1.0,1.0,7.8
2025-06-28,29.9,22.7,25.3,4.6,4.6,14.4
2025-06-29,27.0,22.2,24.7,9.0,9.0,10.0
2025-06-30,28.5,23.3,25.1,18.1,18.1,13.5
2025-07-01,29.9,22.6,25.5,9.2,9.2,10.7
2025-07-02,30.4,22.6,26.0,9.9,9.9,10.6
2025-07-03,29.5,21.9,25.5,4.8,4.8,12.6
2025-07-04,30.1,22.5,26.6,0.9,0.9,12.1
2025-07-05,29.3,22.8,25.6,18.4,18.4,11.3
2025-07-06,29.9,22.4,26.0,1.0,1.0,13.9
2025-07-07,30.3,22.4,25.9,4.2,4.2,11.0
2025-07-08,30.4,22.5,26.0,8.1,8.1,14.7
2025-07-09,30.6,22.6,26.2,0.0,0.0,13.3
2025-07-10,30.0,21.9,25.9,0.2,0.2,10.0
2025-07-11,29.6,23.2,25.8,2.6,2.6,11.3
2025-07-12,31.0,21.3,26.3,0.1,0.1,13.3
2025-07-13,31.0,23.0,26.5,8.1,8.1,13.5
2025-07-14,29.9,22.9,25.9,5.1,5.1,5.2
2025-07-15,31.8,23.9,27.0,0.7,0.7,13.5
2025-07-16,30.8,23.3,27.0,0.8,0.8,8.8
2025-07-17,29.7,24.0,26.6,3.3,3.3,8.8
2025-07-18,29.7,23.0,26.0,0.9,0.9,10.1
2025-07-19,31.2,20.0,25.7,0.0,0.0,11.2
2025-07-20,30.6,21.7,26.2,0.9,0.9,14.0
2025-07-21,31.1,23.8,27.0,1.2,1.2,13.8
2025-07-22,32.1,23.0,26.7,0.1,0.1,16.5
2025-07-23,32.3,22.4,27.0,0.0,0.0,17.2
2025-07-24,33.2,22.4,27.7,0.0,0.0,13.2
2025-07-25,32.8,23.9,28.1,0.7,0.7,17.4
2025-07-26,32.4,23.2,28.0,0.6,0.6,16.9
2025-07-27,32.5,24.3,27.7,2.1,2.1,10.8
2025-07-28,31.4,23.1,27.1,0.9,0.9,11.3
2025-07-29,32.1,23.7,27.6,1.8,1.8,8.3
2025-07-30,31.9,24.1,27.1,5.2,5.2,10.5
2025-07-31,31.5,23.3,27.5,2.1,2.1,18.9
2025-08-01,32.1,24.0,27.9,0.0,0.0,16.0
2025-08-02,33.0,20.8,27.3,0.0,0.0,16.3
2025-08-03,33.2,22.9,27.1,5.8,5.8,15.6
2025-08-04,32.5,23.0,26.6,4.3,4.3,11.0
2025-08-05,32.0,23.1,27.0,1.1,1.1,11.3
2025-08-06,32.3,23.9,27.9,0.4,0.4,12.0
2025-08-07,32.0,24.1,27.6,0.7,0.7,9.7
2025-08-08,31.2,23.4,27.2,1.6,1.6,13.2
2025-08-09,32.2,23.6,27.0,1.1,1.1,9.2
2025-08-10,32.1,22.7,27.1,1.5,1.5,11.9
2025-08-11,30.3,23.0,26.3,9.4,9.4,10.0
2025-08-12,30.3,22.8,25.5,12.4,12.4,8.8
2025-08-13,29.3,22.4,25.1,9.9,9.9,18.1
2025-08-14,29.8,21.9,25.3,0.4,0.4,12.5
2025-08-15,30.7,21.0,25.9,0.0,0.0,8.5
2025-08-16,30.5,23.1,26.8,0.3,0.3,15.6
2025-08-17,30.5,23.4,27.0,0.9,0.9,21.8
2025-08-18,29.4,24.1,26.0,25.4,25.4,18.7
2025-08-19,28.5,22.9,24.7,7.7,7.7,6.9
2025-08-20,30.3,23.1,25.8,21.8,21.8,9.9
2025-08-21,29.4,23.2,26.1,4.3,4.3,15.2
2025-08-22,29.7,22.3,25.9,4.2,4.2,10.8
2025-08-23,30.5,21.8,26.0,2.2,2.2,12.0
2025-08-24,30.9,23.1,26.5,1.9,1.9,13.0
2025-08-25,31.4,23.3,26.2,5.6,5.6,10.7
2025-08-26,31.3,21.9,26.9,0.3,0.3,8.3
2025-08-27,33.0,23.5,28.0,0.0,0.0,18.0
2025-08-28,31.9,23.5,27.9,1.8,1.8,13.9
2025-08-29,32.3,22.9,27.4,2.1,2.1,14.4
2025-08-30,32.1,23.6,27.6,4.0,4.0,11.3
2025-08-31,30.4,22.7,26.4,5.7,5.7,12.6
2025-09-01,32.2,23.7,27.5,3.5,3.5,14.6
2025-09-02,32.1,23.9,27.7,1.6,1.6,19.7
2025-09-03,32.5,23.9,28.1,0.0,0.0,26.6
2025-09-04,32.8,24.1,28.1,0.1,0.1,20.3
2025-09-05,33.0,22.2,27.4,0.8,0.8,13.8
2025-09-06,32.5,23.1,27.8,1.1,1.1,12.8
2025-09-07,31.8,24.7,27.8,1.2,1.2,10.6
2025-09-08,33.5,23.7,28.3,0.0,0.0,12.8
2025-09-09,32.1,24.6,27.7,2.5,2.5,11.4
2025-09-10,32.3,23.8,27.5,1.2,1.2,13.4
2025-09-11,29.3,23.4,25.5,12.1,12.1,11.5
2025-09-12,30.7,23.8,26.4,1.7,1.7,17.9
2025-09-13,32.5,22.9,27.4,0.2,0.2,17.0
2025-09-14,32.0,22.8,27.4,0.5,0.5,11.8
2025-09-15,32.9,23.2,27.9,0.0,0.0,11.7
2025-09-16,33.1,23.4,27.7,0.7,0.7,12.5
2025-09-17,30.6,23.8,26.3,10.9,10.9,13.8
2025-09-18,29.4,23.1,26.1,0.7,0.7,16.0
2025-09-19,30.8,23.8,26.7,3.3,3.3,8.4
2025-09-20,29.4,24.3,26.2,13.6,13.6,20.8
2025-09-21,31.1,23.0,27.0,14.9,14.9,17.5
2025-09-22,32.3,23.1,27.4,1.0,1.0,19.3
2025-09-23,31.8,23.0,26.9,1.3,1.3,11.2
2025-09-24,32.9,22.6,27.7,0.1,0.1,13.5
2025-09-25,32.1,21.5,27.3,0.6,0.6,9.5
2025-09-26,34.0,22.8,28.2,0.0,0.0,13.6
2025-09-27,32.9,24.7,27.9,3.5,3.5,15.1
2025-09-28,32.1,24.6,27.5,6.9,6.9,19.2
2025-09-29,30.9,22.8,26.8,4.4,4.4,17.6
2025-09-30,32.1,23.8,26.9,6.2,6.2,14.8
2025-10-01,30.0,23.3,25.6,8.6,8.6,16.7
2025-10-02,28.2,23.1,24.6,38.0,38.0,12.4
2025-10-03,31.1,22.9,26.8,0.4,0.4,12.7
2025-10-04,32.5,22.6,27.6,0.1,0.1,15.7
2025-10-05,31.4,22.9,26.9,0.9,0.9,10.5
2025-10-06,32.0,24.2,27.4,8.2,8.2,18.5
2025-10-07,30.1,22.0,25.2,15.5,15.5,14.4
2025-10-08,31.6,22.0,27.0,0.0,0.0,8.1
2025-10-09,32.0,24.1,27.5,0.2,0.2,12.7
2025-10-10,32.0,23.3,27.6,1.5,1.5,10.7
2025-10-11,32.6,23.9,28.0,2.2,2.2,12.3
2025-10-12,33.4,23.5,28.3,0.0,0.0,16.8
2025-10-13,32.4,24.7,27.6,3.7,3.7,17.7
2025-10-14,32.9,24.3,27.8,3.5,3.5,18.5
2025-10-15,31.6,25.0,27.7,5.6,5.6,15.4
2025-10-16,33.3,24.5,27.7,3.4,3.4,17.4
2025-10-17,34.1,23.8,27.9,2.2,2.2,14.7
2025-10-18,32.3,24.1,27.5,1.3,1.3,8.2
2025-10-19,32.4,23.4,27.9,0.3,0.3,10.4
2025-10-20,32.6,24.1,28.2,1.3,1.3,14.2
2025-10-21,32.4,25.0,28.2,2.2,2.2,21.3
2025-10-22,32.7,24.4,27.4,6.2,6.2,19.6
2025-10-23,30.9,23.8,26.7,3.1,3.1,22.1
2025-10-24,26.8,24.0,24.9,26.5,26.5,19.7
2025-10-25,31.2,23.7,26.7,0.9,0.9,21.9
2025-10-26,29.2,24.2,26.4,3.7,3.7,18.7
2025-10-27,31.2,23.3,26.9,1.0,1.0,14.8
2025-10-28,27.3,23.1,24.7,15.5,15.5,13.3
2025-10-29,30.4,23.6,26.5,3.5,3.5,13.1
2025-10-30,31.0,23.7,26.9,1.1,1.1,20.0
2025-10-31,31.6,23.0,27.1,1.1,1.1,20.6
2025-11-01,32.0,23.8,27.4,2.2,2.2,20.2
2025-11-02,31.8,23.3,26.8,19.4,19.4,8.3
2025-11-03,31.0,24.4,27.4,5.8,5.8,18.1
2025-11-04,31.5,24.4,27.4,1.7,1.7,20.2
2025-11-05,29.0,24.1,26.1,3.1,3.1,21.4
2025-11-06,29.4,24.6,26.7,2.9,2.9,24.7
2025-11-07,30.7,24.4,27.1,3.8,3.8,23.7
2025-11-08,28.1,23.8,25.7,30.4,30.4,20.2
2025-11-09,31.2,24.6,27.7,3.1,3.1,27.2
2025-11-10,29.8,24.5,26.3,7.3,7.3,22.0
2025-11-11,28.3,23.8,25.1,32.6,32.6,21.0
2025-11-12,28.6,23.5,25.4,29.1,29.1,24.8
2025-11-13,26.4,23.7,24.6,27.9,27.9,21.5
2025-11-14,26.8,23.3,24.9,25.0,25.0,21.6
2025-11-15,30.4,23.4,26.6,18.3,18.3,24.1
2025-11-16,29.5,23.9,26.5,5.0,5.0,23.1
2025-11-17,30.5,24.8,27.2,2.7,2.7,27.1
2025-11-18,28.3,23.4,25.8,10.3,10.3,18.8
2025-11-19,29.5,23.7,26.5,6.2,6.2,21.3
2025-11-20,27.4,24.1,25.2,19.3,19.3,28.8
2025-11-21,29.9,24.0,26.4,0.9,0.9,19.6
2025-11-22,30.7,23.4,25.7,15.7,15.7,19.6
2025-11-23,29.9,23.8,26.4,0.7,0.7,19.9
2025-11-24,30.9,23.8,27.1,0.6,0.6,22.0
2025-11-25,31.6,24.1,27.3,0.0,0.0,21.5
2025-11-26,29.6,24.3,26.4,0.2,0.2,19.6
2025-11-27,33.0,24.0,27.6,0.6,0.6,19.0
2025-11-28,32.0,24.7,26.9,4.8,4.8,25.2
2025-11-29,31.2,23.7,26.9,3.8,3.8,20.0
2025-11-30,31.4,23.4,26.7,6.9,6.9,9.1
2025-12-01,32.4,22.4,27.0,0.8,0.8,10.8
2025-12-02,31.3,22.8,26.5,9.9,9.9,9.3
2025-12-03,31.1,23.9,26.7,2.5,2.5,10.0
2025-12-04,27.6,23.7,25.2,13.8,13.8,8.0
2025-12-05,30.9,23.5,26.1,6.2,6.2,16.0
2025-12-06,31.0,23.3,26.4,3.9,3.9,10.5
2025-12-07,30.9,23.3,26.8,3.1,3.1,16.4
2025-12-08,29.3,23.7,25.6,14.4,14.4,20.7
2025-12-09,29.5,23.9,26.4,6.0,6.0,16.9
2025-12-10,30.7,23.7,26.6,4.9,4.9,11.7
2025-12-11,29.8,24.1,26.9,3.4,3.4,18.3
2025-12-12,32.4,24.3,27.7,1.1,1.1,21.1
2025-12-13,30.5,24.7,27.3,3.6,3.6,23.3
2025-12-14,27.9,23.9,25.6,16.2,16.2,25.3
2025-12-15,29.4,23.8,25.8,10.9,10.9,28.7
2025-12-16,28.3,23.8,25.9,6.5,6.5,26.7
2025-12-17,27.5,24.1,25.7,16.2,16.2,27.6
2025-12-18,26.7,23.5,24.9,32.5,32.5,33.2
2025-12-19,29.6,23.1,25.3,27.6,27.6,25.8
2025-12-20,31.1,23.9,26.8,4.6,4.6,17.6
2025-12-21,30.7,24.1,26.9,14.5,14.5,20.2
2025-12-22,31.6,23.5,27.3,10.4,10.4,17.6
2025-12-23,31.5,24.0,27.3,5.7,5.7,16.3
2025-12-24,29.4,24.3,26.3,29.6,29.6,9.8
2025-12-25,32.2,22.5,27.0,2.0,2.0,20.3
2025-12-26,29.1,23.7,26.2,51.9,51.9,18.5
2025-12-27,28.4,25.5,26.7,8.7,8.7,22.1
2025-12-28,29.3,24.6,26.7,7.9,7.9,22.5
2025-12-29,28.0,24.4,26.0,2.7,2.7,18.6
2025-12-30,30.2,23.9,26.2,16.3,16.3,15.6
2025-12-31,28.7,24.2,26.0,24.6,24.6,23.0
2026-01-01,30.1,24.2,26.1,7.7,7.7,19.1
2026-01-02,28.5,23.5,25.3,42.3,42.3,17.2
2026-01-03,28.2,23.9,25.3,16.1,16.1,18.0
2026-01-04,30.3,23.2,26.5,6.1,6.1,16.2
2026-01-05,31.0,23.8,27.2,3.3,3.3,13.1
2026-01-06,30.8,23.7,27.3,0.0,0.0,12.7
2026-01-07,29.9,24.6,27.0,8.0,8.0,10.4
2026-01-08,28.9,23.9,26.0,5.2,5.2,17.9
2026-01-09,29.6,24.3,26.2,2.0,2.0,25.4
2026-01-10,28.6,22.9,25.0,15.9,15.9,19.1
2026-01-11,27.0,23.1,24.8,10.0,10.0,21.8
2026-01-12,27.1,21.9,24.2,17.8,17.8,22.7
2026-01-13,28.9,22.9,25.5,9.2,9.2,21.2
2026-01-14,27.6,22.8,24.9,13.8,13.8,26.3
2026-01-15,27.2,23.3,25.3,8.7,8.7,24.1
2026-01-16,30.0,24.0,26.3,4.8,4.8,16.7
2026-01-17,28.4,23.3,25.1,36.6,36.6,16.5
2026-01-18,29.0,23.0,25.6,21.8,21.8,10.4
2026-01-19,28.4,23.8,25.9,7.0,7.0,14.6
2026-01-20,29.2,22.5,25.2,18.0,18.0,21.1
2026-01-21,28.1,23.1,25.0,20.8,20.8,20.5
2026-01-22,27.8,23.5,24.8,27.8,27.8,19.3
2026-01-23,28.5,23.9,25.6,10.8,10.8,26.0
2026-01-24,29.8,24.8,26.9,0.6,0.6,25.6
2026-01-25,30.4,24.9,27.0,2.6,2.6,18.4
2026-01-26,29.8,23.6,26.4,2.5,2.5,18.6
2026-01-27,29.8,23.9,26.4,2.9,2.9,20.5
2026-01-28,29.1,23.6,25.7,21.7,21.7,19.3
2026-01-29,28.4,23.4,25.1,46.3,46.3,17.5
2026-01-30,28.5,22.9,25.5,11.4,11.4,12.6
2026-01-31,28.3,23.6,25.3,15.8,15.8,14.4
2026-02-01,29.0,22.9,25.1,12.3,12.3,14.2
2026-02-02,28.1,22.9,25.1,13.9,13.9,17.3
2026-02-03,29.1,23.2,25.9,6.1,6.1,12.0
2026-02-04,28.4,23.5,25.6,12.8,12.8,18.9
2026-02-05,29.3,22.9,26.1,1.8,1.8,20.4
2026-02-06,28.6,23.5,25.9,9.9,9.9,18.7
2026-02-07,28.9,23.7,25.8,6.9,6.9,19.1
2026-02-08,29.0,23.7,25.6,7.9,7.9,17.4
2026-02-09,29.0,24.0,26.2,7.3,7.3,16.3
2026-02-10,29.7,23.1,26.2,6.1,6.1,12.4
2026-02-11,29.8,23.8,26.4,8.8,8.8,13.4
2026-02-12,27.5,24.1,25.4,17.7,17.7,22.6
2026-02-13,29.3,24.0,25.9,6.9,6.9,13.6
2026-02-14,30.4,23.4,26.4,6.1,6.1,12.4
2026-02-15,29.3,23.1,26.0,9.4,9.4,12.6
2026-02-16,28.7,24.4,26.1,16.9,16.9,20.3
2026-02-17,29.1,24.4,26.5,15.8,15.8,24.2
2026-02-18,29.6,24.3,26.8,5.5,5.5,19.1
2026-02-19,28.4,24.3,26.0,19.1,19.1,20.3
2026-02-20,30.0,24.2,26.0,14.8,14.8,17.1
2026-02-21,30.4,24.1,26.4,20.9,20.9,17.6
2026-02-22,29.9,23.7,25.9,31.4,31.4,17.1
2026-02-23,28.7,23.4,25.4,40.6,40.6,16.9
2026-02-24,29.7,23.9,26.4,4.4,4.4,23.8
2026-02-25,30.5,25.0,27.4,0.1,0.1,18.6
2026-02-26,30.5,26.1,27.9,0.0,0.0,20.6
2026-02-27,29.2,23.7,26.6,3.6,3.6,24.4
2026-02-28,30.0,26.1,27.3,1.1,1.1,24.0
2026-03-01,31.2,25.0,27.5,2.7,2.7,15.2
2026-03-02,29.4,24.6,26.6,10.1,10.1,22.8
2026-03-03,29.8,24.1,26.3,11.4,11.4,25.6
2026-03-04,29.9,24.4,26.4,4.0,4.0,27.2
2026-03-05,28.3,24.3,25.7,4.9,4.9,26.4
2026-03-06,28.6,24.0,25.4,9.2,9.2,25.8
2026-03-07,27.7,22.8,24.9,42.3,42.3,22.8
2026-03-08,28.3,23.0,24.9,67.6,67.6,19.1
2026-03-09,29.8,22.7,26.4,2.8,2.8,13.9
2026-03-10,30.2,25.2,27.4,0.5,0.5,18.7
2026-03-11,30.7,23.9,26.8,1.6,1.6,18.2
2026-03-12,31.0,23.3,27.1,0.7,0.7,19.2
2026-03-13,31.6,24.5,27.7,0.2,0.2,18.0
2026-03-14,32.9,24.1,28.2,0.0,0.0,16.9
2026-03-15,33.2,24.2,28.5,0.0,0.0,17.6
2026-03-16,32.3,23.8,28.0,0.9,0.9,14.9
2026-03-17,33.1,24.0,28.5,7.4,7.4,13.7
2026-03-18,33.6,23.4,28.6,0.8,0.8,16.5
2026-03-19,33.7,22.8,28.6,0.0,0.0,17.9
2026-03-20,34.5,23.5,28.8,1.8,1.8,14.5
2026-03-21,31.3,23.9,27.7,0.8,0.8,18.6
2026-03-22,33.5,24.6,28.4,3.2,3.2,19.3
2026-03-23,32.2,23.8,28.1,2.2,2.2,15.3
2026-03-24,32.1,24.1,27.5,2.5,2.5,15.1
2026-03-25,32.0,24.5,28.1,2.5,2.5,18.5
2026-03-26,32.2,23.9,27.3,3.4,3.4,18.7
2026-03-27,29.7,23.8,26.8,3.2,3.2,14.8
2026-03-28,29.4,24.1,26.3,9.2,9.2,9.7
2026-03-29,31.0,24.3,27.6,5.1,5.1,15.3
2026-03-30,31.1,22.8,27.0,20.2,20.2,9.4
2026-03-31,29.8,23.6,27.0,2.8,2.8,12.0
2026-04-01,31.7,24.5,27.2,4.6,4.6,14.4
2026-04-02,32.7,23.5,27.2,9.0,9.0,12.7
2026-04-03,33.9,24.2,28.4,0.7,0.7,9.8
2026-04-04,32.4,23.8,27.2,9.3,9.3,14.9
2026-04-05,31.2,24.0,26.8,4.2,4.2,14.0
2026-04-06,30.7,23.9,26.6,7.0,7.0,11.7
2026-04-07,31.8,23.6,27.3,0.9,0.9,14.7
2026-04-08,31.7,24.7,27.5,0.6,0.6,20.2
2026-04-09,30.9,25.0,27.4,0.9,0.9,25.2
2026-04-10,31.9,24.6,27.6,1.9,1.9,22.0
2026-04-11,32.2,23.9,27.6,0.6,0.6,9.7
2026-04-12,33.2,24.4,28.2,6.0,6.0,14.8
2026-04-13,32.7,24.7,28.2,0.4,0.4,12.7
2026-04-14,32.9,24.7,28.4,2.2,2.2,12.6
2026-04-15,31.7,23.7,26.6,14.9,14.9,12.8
2026-04-16,32.2,23.4,27.2,3.5,3.5,15.3
2026-04-17,31.3,23.3,27.1,7.8,7.8,15.3
2026-04-18,30.9,23.8,27.2,12.2,12.2,17.7
2026-04-19,31.7,23.9,27.2,2.2,2.2,11.9
2026-04-20,31.6,24.1,27.3,5.3,5.3,15.9
2026-04-21,31.7,23.6,27.8,0.7,0.7,10.3
2026-04-22,32.4,24.8,28.6,3.9,3.9,14.9
2026-04-23,32.6,25.2,28.7,0.2,0.2,17.5
2026-04-24,33.6,25.2,29.3,1.1,1.1,17.9
2026-04-25,32.5,24.2,27.9,18.8,18.8,20.7
2026-04-26,32.0,24.2,27.9,9.1,9.1,17.2
2026-04-27,33.7,25.1,28.8,10.8,10.8,9.4
2026-04-28,31.4,24.0,27.1,16.1,16.1,12.6
2026-04-29,31.9,25.1,28.0,2.1,2.1,14.2
2026-04-30,32.8,24.9,27.8,5.4,5.4,11.8
2026-05-01,32.1,24.3,27.8,0.7,0.7,9.5
2026-05-02,31.9,24.3,27.4,3.6,3.6,11.7
2026-05-03,32.7,24.2,27.3,13.7,13.7,15.3
2026-05-04,30.6,24.1,26.4,3.2,3.2,11.2
2026-05-05,29.0,23.7,25.6,13.3,13.3,14.4
2026-05-06,32.0,23.9,27.3,5.9,5.9,12.3
2026-05-07,31.5,23.8,27.4,3.4,3.4,19.0
2026-05-08,32.7,23.5,28.2,0.3,0.3,10.1
2026-05-09,31.7,24.3,28.0,2.3,2.3,13.8
2026-05-10,32.6,23.8,28.5,0.9,0.9,11.9
2026-05-11,33.2,23.6,28.1,8.9,8.9,11.0
2026-05-12,32.3,24.9,28.2,3.3,3.3,18.1
2026-05-13,32.6,24.5,28.2,1.8,1.8,14.1
2026-05-14,32.2,23.5,27.9,1.0,1.0,9.4
2026-05-15,32.3,24.8,27.9,1.8,1.8,9.2
2026-05-16,30.4,24.2,26.8,12.6,12.6,9.7
2026-05-17,31.0,24.9,27.4,1.5,1.5,19.9
2026-05-18,32.2,23.6,27.9,0.4,0.4,8.7
2026-05-19,31.4,24.9,27.8,1.5,1.5,9.4
2026-05-20,30.2,24.7,27.2,7.5,7.5,11.9
2026-05-21,31.8,24.4,27.8,1.3,1.3,9.4
2026-05-22,31.1,24.6,27.6,1.0,1.0,17.6
2026-05-23,31.5,23.4,26.8,5.7,5.7,11.4
2026-05-24,29.4,23.7,25.7,28.3,28.3,18.9
2026-05-25,30.5,23.2,26.3,25.9,25.9,21.3
2026-05-26,31.2,24.3,27.4,2.8,2.8,21.3
2026-05-27,32.3,22.0,27.2,0.1,0.1,9.1
2026-05-28,32.8,20.0,26.3,0.1,0.1,17.7
2026-05-29,32.6,21.2,26.8,0.0,0.0,15.5
2026-05-30,32.9,22.7,27.3,2.3,2.3,13.9
2026-05-31,31.2,22.3,26.5,7.1,7.1,9.1
2026-06-01,32.8,24.2,27.8,1.7,1.7,10.5
2026-06-02,33.1,24.0,28.3,0.7,0.7,9.0
2026-06-03,33.1,24.6,28.7,0.6,0.6,11.5
2026-06-04,33.6,25.0,28.5,3.8,3.8,9.3
2026-06-05,34.3,25.6,29.4,3.4,3.4,20.0
2026-06-06,32.9,23.0,27.7,3.7,3.7,15.8
2026-06-07,33.0,24.4,28.2,0.0,0.0,16.2
2026-06-08,33.3,23.8,28.6,0.1,0.1,10.8
2026-06-09,32.9,24.5,28.6,0.9,0.9,9.8
2026-06-10,32.8,24.2,28.1,2.9,2.9,10.9
2026-06-11,33.1,23.6,27.8,0.0,0.0,9.4
2026-06-12,31.9,22.0,26.7,3.5,3.5,13.0
2026-06-13,32.5,25.0,27.6,4.1,4.1,16.0
2026-06-14,31.8,25.8,28.4,5.6,5.6,16.5
2026-06-15,31.2,23.9,26.8,5.3,5.3,11.5
2026-06-16,31.5,23.3,27.5,0.6,0.6,16.0
2026-06-17,32.1,24.2,28.0,0.0,0.0,17.6
2026-06-18,32.3,24.1,28.0,0.0,0.0,17.9
2026-06-19,33.4,23.8,28.4,0.0,0.0,17.8
2026-06-20,32.9,24.5,28.3,4.8,4.8,16.3
2026-06-21,32.9,24.8,27.9,3.2,3.2,9.0
2026-06-22,32.0,24.0,28.0,1.3,1.3,9.3
2026-06-23,31.8,23.3,27.5,2.2,2.2,12.0
2026-06-24,32.4,24.7,27.5,6.0,6.0,13.7
2026-06-25,31.2,22.9,26.7,5.8,5.8,14.7
2026-06-26,33.2,24.3,28.4,1.1,1.1,14.4
2026-06-27,33.3,24.6,27.8,3.3,3.3,12.9
2026-06-28,33.3,24.3,28.6,0.9,0.9,8.7
2026-06-29,34.1,24.1,29.0,1.1,1.1,10.1
2026-06-30,33.3,24.8,29.0,0.5,0.5,10.8
2026-07-01,33.6,24.0,28.4,0.4,0.4,16.5
2026-07-02,33.0,23.1,28.1,0.0,0.0,10.4
2026-07-03,33.5,24.6,28.2,3.3,3.3,16.2
2026-07-04,32.5,25.1,28.4,0.4,0.4,18.8
2026-07-05,32.3,24.4,27.6,2.5,2.5,15.4
2026-07-06,31.4,24.1,27.3,0.9,0.9,11.4
2026-07-07,31.3,23.6,27.5,1.6,1.6,11.3
2026-07-08,31.8,23.6,27.4,0.2,0.2,12.3
2026-07-09,31.7,22.9,26.9,0.8,0.8,14.7
2026-07-10,31.9,22.3,26.9,0.0,0.0,16.4
2026-07-11,32.0,22.1,26.6,0.0,0.0,9.9
2026-07-12,31.2,22.7,26.6,0.1,0.1,11.9
2026-07-13,32.2,22.5,27.2,0.2,0.2,19.6
2026-07-14,31.8,24.0,27.8,1.4,1.4,19.2
2026-07-15,32.1,23.7,27.9,0.5,0.5,19.0
2026-07-16,32.3,23.5,28.0,0.0,0.0,19.5
2026-07-17,32.0,24.2,28.1,0.7,0.7,18.6
2026-07-18,32.6,23.8,27.7,1.7,1.7,16.1
2026-07-19,32.4,23.7,28.1,0.2,0.2,12.0
2026-07-20,33.0,24.1,28.4,1.4,1.4,15.4
2026-07-21,31.9,23.6,27.9,3.4,3.4,11.0
2026-07-22,32.8,23.6,28.1,1.5,1.5,13.6
2026-07-23,32.4,23.8,27.8,0.4,0.4,17.7
2026-07-24,32.3,23.1,27.5,0.9,0.9,11.7
2026-07-25,31.8,24.2,27.6,1.2,1.2,11.8
2026-07-26,32.9,23.2,27.8,0.0,0.0,17.8
2026-07-27,32.2,22.9,27.7,0.0,0.0,21.2
2026-07-28,31.7,24.1,27.6,1.4,1.4,19.8
2026-07-29,32.5,23.9,27.3,1.8,1.8,16.4
2026-07-30,31.8,24.2,27.8,0.2,0.2,16.4
2026-07-31,32.0,24.5,27.5,4.5,4.5,17.8
2026-08-01,31.7,24.0,27.6,3.3,3.3,18.1
2026-08-02,31.7,24.4,27.9,0.3,0.3,18.2
2026-08-03,31.1,24.0,27.5,3.1,3.1,17.1
2026-08-04,30.8,23.4,27.2,3.2,3.2,8.8
2026-08-05,31.7,21.8,27.1,0.1,0.1,13.9
2026-08-06,32.0,24.3,28.1,1.6,1.6,15.8
2026-08-07,32.4,23.6,28.1,0.9,0.9,20.0
2026-08-08,33.5,23.3,28.3,0.0,0.0,16.6
2026-08-09,32.2,23.9,28.0,0.1,0.1,14.7
2026-08-10,31.2,22.7,27.2,0.3,0.3,13.4
2026-08-11,33.8,23.2,27.9,0.4,0.4,12.4
2026-08-12,32.0,23.6,27.9,0.2,0.2,17.6
2026-08-13,32.0,23.2,27.8,0.0,0.0,14.4
2026-08-14,33.9,23.7,28.3,0.2,0.2,12.2
2026-08-15,32.2,24.3,28.4,1.0,1.0,10.8
2026-08-16,32.4,24.8,28.6,0.5,0.5,16.5
2026-08-17,33.1,22.9,28.2,1.1,1.1,9.5
2026-08-18,31.8,25.0,28.2,1.9,1.9,18.1
2026-08-19,31.0,23.6,27.1,5.2,5.2,12.6
2026-08-20,32.6,23.4,28.0,3.4,3.4,15.1
2026-08-21,32.4,24.4,28.0,2.2,2.2,18.7
2026-08-22,32.7,24.0,28.1,1.4,1.4,12.9
2026-08-23,32.8,23.8,28.3,0.3,0.3,15.2
2026-08-24,32.3,23.3,28.0,1.4,1.4,16.5
2026-08-25,33.4,24.3,28.6,0.3,0.3,13.0
2026-08-26,32.9,24.6,27.9,2.4,2.4,18.9
2026-08-27,32.6,23.3,27.4,3.6,3.6,11.5
2026-08-28,31.9,23.0,27.5,1.3,1.3,11.1
2026-08-29,32.5,23.5,28.0,0.0,0.0,12.3
2026-08-30,31.7,24.0,27.7,1.6,1.6,16.7
2026-08-31,33.1,24.0,28.2,2.3,2.3,14.1
2026-09-01,33.0,24.3,28.5,0.3,0.3,18.7
2026-09-02,31.6,23.6,27.7,2.2,2.2,15.9
2026-09-03,32.7,24.2,28.1,0.0,0.0,17.0
2026-09-04,32.7,23.1,28.0,0.4,0.4,12.1
2026-09-05,34.0,23.1,28.5,0.4,0.4,15.8
2026-09-06,33.6,23.8,28.4,0.0,0.0,19.8
2026-09-07,33.6,23.2,28.6,0.2,0.2,13.0
2026-09-08,33.6,23.7,28.4,0.4,0.4,15.9
2026-09-09,32.5,23.7,28.2,1.2,1.2,14.5
2026-09-10,31.7,23.8,27.7,2.5,2.5,9.3
2026-09-11,32.8,24.6,28.3,1.0,1.0,18.3
2026-09-12,32.5,24.5,28.3,1.0,1.0,19.5
2026-09-13,33.7,24.3,28.4,0.0,0.0,19.6
2026-09-14,33.4,23.8,28.4,0.0,0.0,24.0
2026-09-15,32.9,22.8,28.0,0.3,0.3,11.1
2026-09-16,33.1,23.4,28.4,0.0,0.0,14.2
2026-09-17,33.7,22.6,28.4,0.6,0.6,14.9
2026-09-18,31.7,24.3,27.5,6.0,6.0,12.5
2026-09-19,32.3,23.6,27.3,5.6,5.6,11.9
2026-09-20,33.6,24.0,28.4,0.8,0.8,14.5
2026-09-21,33.7,23.5,28.0,5.0,5.0,15.1
2026-09-22,32.8,24.7,28.6,1.1,1.1,10.1
2026-09-23,34.2,24.1,28.7,1.9,1.9,9.3
